bootstrap_id,mae,rmse,r2,mape_pct
1,3.0852755991285408,4.17730804745464,0.3379254523772921,12.685156154260183
2,3.181820286195286,4.211845356001764,0.11900050066065604,12.479403437101345
3,3.8300411856661847,5.30554826876604,-0.06755230640827081,14.85779175981139
4,3.1341066583198924,3.6912029101849746,0.21545747976057594,13.80889328141253
5,2.5425772111875045,3.395283946588351,0.3492057548409232,9.787931577408104
6,3.060152335681747,3.783114589653692,-0.09472779290735911,14.083679922164775
7,2.3359747510115163,2.9611854794627708,0.32047167144794386,10.181400377656479
8,3.0463882381235305,3.8345130648599324,-0.19320708697341016,13.736151069434161
9,3.855499076903488,4.831803485775913,0.1837788715112466,14.802884763032578
10,3.107872736468322,4.45308019460807,0.3708069266360192,12.398677932916797
11,3.4506566045610167,4.385251848941461,0.07971595263648568,14.22094398511721
12,3.041756019579548,4.078808664787158,0.03806321095994203,12.26357253945859
13,3.923808745720507,5.136379477608008,-0.05701478610610966,14.99316201155095
14,3.5164366387969315,4.621116652428941,0.14427151631476687,14.353604957858423
15,3.858481195003253,5.0774853736826495,0.22944717728171304,14.658158041950706
16,4.013327395099451,5.409868020294061,0.15783554057370774,15.490554333969323
17,3.6726773264861494,4.960688310716142,-0.12613686570537963,13.521370898995597
18,4.740481028775147,5.99136439025929,-0.039356118445543764,18.623823010328415
19,2.551518918173331,3.334296634290943,0.1786893304874002,10.793086776996587
20,3.9267133378603942,4.951157580139441,0.1542873534923508,15.259970721487829
21,2.998382558073732,3.7973994025116493,-0.016947291902048578,13.764310763472581
22,3.295145191409896,4.789553555158458,0.14525590053385773,12.324641239504874
23,3.744607234813115,4.997198706411444,0.22015219716529144,14.33827592425654
24,3.484495218289336,4.603583447095822,0.23421213050584222,13.862839203657112
25,2.851476307189542,3.3090888667610283,0.1568454065071081,12.519292131925594
26,3.9702233893557395,5.357550065229311,0.08369976353520903,15.102709841487123
27,2.385208488951135,2.963132987940999,0.24687529773071737,10.285309295408625
28,3.484672346716462,4.376416530927318,0.30024673588341,14.743525380708277
29,3.1230408991879566,4.1489012446899824,0.055188782197058917,13.180193058109403
30,3.3953618644427443,4.57276473492755,0.2000474903838051,12.900408835067806
31,3.1270009195597415,4.163236430735819,-0.06012769525957884,12.280388641098119
32,3.481078586990351,4.839505912221374,0.06784420724957718,13.099719039853062
33,3.393985941346235,4.842777084603872,-0.049027949008900285,12.693336514507983
34,3.860185623744446,5.298779179916031,0.07329025005929024,13.49192404174146
35,3.801118746993746,5.059362964942513,0.01966904405138925,14.842974666344539
36,2.9766258558979133,3.4806228460205255,0.18601371008117007,12.742361279267058
37,2.936819274679569,3.391535407534417,0.2697619661614066,12.823076502860244
38,2.696238211951446,3.97255211669991,0.3426644726767968,10.76471739815421
39,3.0157161920323694,3.7642796119206454,0.29770665613917047,12.158176563838884
40,2.853889288543699,3.6967473526467147,0.35553266496832825,11.994250218918046
41,3.2556956469456466,3.7144042436507236,0.24185485043734467,13.446395414142254
42,2.8432694133208845,3.3196854819385204,-0.005563211306050864,12.01572612160461
43,3.2945071336615444,4.306420725069918,0.03522254006226799,13.910327552289663
44,3.0525430672268925,3.8254750241935738,0.0786338658132717,13.401696822714984
45,3.2927019530034247,4.672837018609511,0.2983145940656755,11.914764173673976
46,3.950226565373625,4.921596865701274,0.15683201062954077,16.067882580212313
47,2.434483260475905,3.0459323887968286,0.40980486686151685,10.424930936916246
48,3.8228615249129927,4.822008891800578,-0.08747201658817949,15.029269096692552
49,3.3224916355431056,4.496118615495793,0.22127909990580752,12.75789513208087
50,3.007855222391985,4.12757787863551,0.2080640391372145,12.35355177872996
51,3.533605869620576,4.47131352523463,0.2607632674982814,14.267792031053105
52,3.1889401225136504,4.312852410048729,-0.0796547736974178,12.810754469990778
53,2.3317473368135126,2.873817737442677,0.08796278022789361,10.659714724229872
54,2.793460710041594,3.2728845748814237,0.06361085169281244,13.21251011576338
55,3.5033191862603617,4.95139959287589,0.17267311521627604,13.99943009834644
56,2.9194941360382534,4.071901526632841,0.3027167621784177,11.748615972177303
57,3.4864618983957203,4.607408888975966,0.33070180087908774,13.892747142183982
58,3.8483343200916704,5.503076765117876,0.10584044011815663,13.602087272355748
59,3.5496656127097275,4.696251721324609,0.062120146191462666,13.224015219777174
60,2.942798124805477,4.026719819243873,0.1504745189851674,12.212888501064954
61,2.1081230264833186,2.7746687526212006,0.23698581876637526,8.934395941999107
62,3.0897867505588086,4.347277197043381,0.27059846433323453,12.303469701643218
63,3.402763086042495,4.099694081702962,0.26948677491957207,13.282933942887121
64,4.001238095238095,5.58507328990342,0.08694810565029099,14.223470846050986
65,2.851801753529693,3.708742155990153,-0.034112398987966586,12.404316307286027
66,3.6568371459695004,4.5233844413397115,0.09738890037770576,15.484728708910044
67,2.7483454361542576,3.5734340687672392,0.13640307221299341,11.965822348167485
68,3.2475245345612973,4.549440788329694,0.19939074189678097,12.563879009380358
69,2.912732878504936,3.759535003395494,0.38908118980482753,11.998055710488718
70,2.1814432242593984,2.727204581634963,0.38991574373200266,9.548712922129088
71,3.2220804791613604,4.538418136160044,0.26331460999065204,12.118989582554311
72,3.4435406657612533,4.354993034074315,-0.2960897825622013,14.388732382021368
73,3.9226552146110993,5.133672130795211,0.04829734112963946,15.99260944613048
74,3.178037839883426,4.552259872714322,0.15410067582181775,13.690161132519933
75,3.150636342415751,4.2470823657130525,0.15785172996565822,12.805638254750566
76,2.622403177432587,3.975107545833545,0.18934403403497702,10.62368937859079
77,3.301850670571257,4.310545436886253,0.3356815924980424,13.449496995172927
78,4.868441183544125,6.220333516674823,-0.0574133974425628,17.73077125973072
79,3.7810237812296634,4.8666525514967,0.1638450110591353,15.467675689810246
80,3.63659094445859,4.7490583374581234,-0.05897277364025477,13.9515045089863
81,2.9763000523441683,3.8903351711972034,-0.17067394796638302,13.556203196944692
82,3.2081428465325503,4.26346323593764,0.2211731174423358,12.57314063272284
83,3.9981740585122933,5.218653458636301,0.13052275475530561,14.981877006028324
84,3.234060277141158,4.32864949640597,0.2918028225953109,13.473601104332309
85,3.4938968112497513,4.94098464996921,0.01491121212665536,12.64977066665348
86,3.40142677828707,4.384974929118844,0.32375265663315167,14.48292108863433
87,2.6926652413490637,3.8753166547311455,0.3155568884033626,11.0249976442592
88,2.6879771241830075,3.530102531014233,-0.28152630590435845,10.75344009065458
89,2.3595024757377683,3.2553408990491772,0.3419416367323924,9.790364643520373
90,2.8044123977873974,3.7647437297850446,0.07396544250805892,12.57535144447696
91,2.240047668562374,3.2015480746890637,0.28310164289845674,9.778025664045655
92,3.447837563308152,4.350058459017574,0.03621633088152054,13.316725871955931
93,3.260101823557708,4.27670716079539,0.032289848280765754,13.04628624332266
94,2.7928850903997944,3.903750583875456,0.15260019596898322,11.19565795064043
95,3.5285831883258356,4.635225151449881,-0.1522091718573213,13.915558786333177
96,2.6765551099227567,3.612862276499764,-0.04610416987465671,11.516030726656334
97,2.6060155617802665,3.530040721562209,0.02963066721145957,11.291568187822007
98,3.737662153750388,5.000651586367199,0.03167075907943173,14.025468599580126
99,3.2510077172283047,4.213357255955784,0.31337826059085805,12.907329414041493
100,3.137077288996405,4.155667538576592,-0.05801187296641053,12.511213837443597
101,2.9538995345613017,3.6959338944318207,0.12622421320697652,12.54040990612761
102,3.210318004979769,4.722047478861061,0.1723814851222819,11.864944095618869
103,2.7891142234671644,3.711540693089537,0.45140837571216574,11.672620937066123
104,4.1152163193560245,5.2277729189776645,-0.16112421641405628,16.14096249666189
105,2.88188797993945,3.9586965168762447,0.03781615156608786,11.550965890482114
106,3.422908560393855,4.075483666524398,0.1308772593599553,14.303100923854226
107,3.574636084231672,4.880214875535233,0.0928244489277058,13.48478294469177
108,3.6914144738703545,4.757735133760021,0.14318053683416032,14.933259467530014
109,3.0001263333616257,3.8502905880515046,0.059676451029995636,13.01727386443034
110,3.3051156346376924,4.536990338085707,-0.0349438593873006,13.08309804890128
111,3.3885211215799416,4.3851082381987965,-0.01925468592742008,13.663926160761463
112,3.721615974167444,4.830881579164745,0.11057451346130376,14.94657756641983
113,2.5679682009167286,3.1146870183555,0.3991602380394861,10.954824043399258
114,2.7447377946127944,3.5859853727725777,0.25423466089589386,11.858060313564073
115,3.833145138358372,5.112075106518122,0.05820031330072317,14.310762345572142
116,3.9196311469032037,5.135417307698963,-0.06369710158024677,14.455439437221889
117,3.176887371615312,4.179595490461674,0.06629437098881008,13.952705411263622
118,2.95163087457205,4.051637817809692,0.24398912506466763,12.296994286019265
119,2.6688524354186085,3.0833035354050327,0.4046687237645723,11.641228680442623
120,3.118108019975668,4.082542315637978,0.18980583518881644,13.07550951082649
121,3.7740129268879277,4.518822190592192,0.13928037875450106,15.299723095029355
122,3.2879551820728294,3.9068185936827655,0.22370998980681678,13.16399852482272
123,1.8341934187816522,2.9547040978017862,0.43835497750375274,7.293363613848645
124,3.159658259768552,4.175489860447769,0.07531055219509719,13.208433734179403
125,3.8568191544294477,5.042715271385293,0.10707761707264662,15.078558753913649
126,3.2716908086466914,4.456662831140722,0.1185391895506469,12.595544260864633
127,3.0390087535014,4.122956949260179,0.2047196264396195,12.652184539953767
128,3.0838756967433443,4.362767739082109,0.0475301436724378,11.42007648304088
129,4.099611174772938,5.473021570470627,0.16572018628774088,15.970976089912076
130,2.648801728772316,3.531814563431658,-0.006323784751270489,11.402071255782833
131,3.4308811858076567,4.637269022003046,0.21780531878518516,13.363461843591976
132,3.4521020605211774,4.677252280998288,0.30933328685493067,13.923574061133213
133,2.897263432645784,3.6779660543299664,0.08876440492367033,11.997079511091604
134,3.5969632211470435,4.713230481704288,0.11864604938194068,13.967708941140689
135,2.528141704156409,3.0876027179379135,-0.13942140908324396,11.132968178374213
136,3.414593356534534,4.061155247089256,-0.39329780208641063,14.457173287108487
137,3.398383983391335,4.6172975456787855,-0.029459847071137135,13.615916615185178
138,3.7113641704156386,4.800972195584243,-0.007259294988302578,14.86987543382002
139,3.6170186352318714,4.496750779184718,0.04777548838871959,14.015329121740027
140,3.1935954821322468,4.197144334883797,0.1586465139468144,13.384575685425478
141,3.639064202953908,4.758069658939841,-0.1850100191305608,15.327565084372912
142,2.7137627995642686,3.5510083149376586,0.5202012105925944,10.144962484891945
143,4.867040796621679,6.218883720927356,-0.03499719957829561,18.80680586032283
144,3.016070530232293,4.1497002599480695,0.10513220238213017,12.147140572324027
145,3.7949149371869955,4.637759531859578,0.11062745010159714,15.999165695574602
146,3.0201489898989884,4.33322292878457,0.06941028858181164,11.61533348150877
147,3.7155590675664185,5.129228577982725,0.11991238849422492,14.558091151691471
148,4.0544318535495005,5.359432864073879,0.07294329949634237,15.3174306305267
149,4.058554165605634,5.191951830306355,0.09096976189311368,15.564619987324004
150,3.326212948815888,4.211580482161474,-0.10002393467426707,13.462822452307597
151,2.8962650949268585,3.3069657741000507,0.4462288246740579,12.815210164440197
152,3.681106792717084,5.020675512616937,0.19149016150889286,13.843323729175008
153,3.0563041656056362,4.189589128394532,0.2511488202367703,12.469798836959027
154,2.750543251138839,3.869059493493317,0.18222757445278948,11.0845721358558
155,4.232181506946211,5.103636162626473,-0.03202803691464862,16.307905894031713
156,3.3449051615595726,4.834005047802988,-0.08086392250822616,12.049984880743992
157,3.211380365277423,4.684419861234053,0.035767804911410406,12.50825931392907
158,2.6521703979571614,3.2743378569736517,-0.16264628445235396,11.36907264957782
159,2.882248015873014,4.007670625093431,0.4089199682236817,11.14716270470296
160,2.927692796310442,3.7110015584424096,0.1982326930309798,11.766883458857409
161,2.6505160038762963,3.815685962046105,0.30428509336703047,9.977273488582911
162,3.271046296296299,4.273451215510315,0.3308191518702721,13.541878637864944
163,3.6374956533118272,4.566683149295949,-0.04598714872828391,14.96500536156181
164,2.5565179490988306,3.0950582570489686,0.4374227915874207,12.239158723049698
165,3.8920292915145844,5.111626726170414,-0.09576670860079162,14.42675404984349
166,2.958821944939591,3.73510654657545,0.18139281372026683,12.170136779567091
167,3.211052443199501,4.447188977930172,0.16010513151354877,12.223954187466056
168,2.5553306100217847,3.566249345005919,0.21517304458907016,9.909606188593672
169,3.11608402300314,4.4063334068286455,0.11317575366442534,12.27140692107701
170,2.8245014253176,3.621377483330727,0.5195316655293742,12.281341069982838
171,2.9281518051665096,3.8202351865483912,0.13628773901054425,12.564070664339177
172,2.9204667473049812,3.6361097269627476,0.46584364442144666,11.487135280305745
173,3.499015480434597,4.652603447748271,-0.020705130582107767,13.590118235826024
174,3.2755009443171184,4.473292018392388,0.2720535370558621,13.022426507200576
175,4.017714335229038,5.394450175440944,0.16501918298788876,15.657662304327008
176,3.118484088079675,4.445074525719715,0.16869111969289896,12.001376032263074
177,3.8760393960614543,4.888920975114583,0.16254387791779734,15.270834161249963
178,2.5770840831282014,3.1394305392094686,-0.006409669796160866,11.975403177699839
179,3.0483937908496737,4.145700178357216,-0.0662789375821764,11.954910472745972
180,3.1998944274679593,4.398316868882567,0.07651795843095188,12.577290799028336
181,2.752812105650339,3.6809516035443313,0.3776576667980477,11.281969519243432
182,3.2876778605381545,4.811122188705889,0.24729774108568947,11.98340380538514
183,3.2125684718331753,4.28338064553751,-0.10030796411483323,13.03663402704654
184,2.6018359505418305,3.419476112391297,0.28223787611532536,10.743547018252807
185,3.6633401663695757,4.5345788197257795,-0.2222408609412443,14.893298628089061
186,2.663361203067084,3.826083388629358,0.13079332806832322,10.644750651755226
187,2.834374402286164,3.3522973886165404,0.11703868445086507,12.476178679961327
188,3.446847091361795,4.5828171337872785,0.09123528629717059,13.14529974681464
189,4.6005752376708235,5.761482715613553,0.09888564617803242,18.12760608269518
190,2.8552254371445525,3.9167672958405317,0.07169847395679252,11.16529828126883
191,3.098768454856689,3.870833241790762,0.28662468766351934,14.034435062519663
192,2.9572884658914043,3.4833079509360187,0.10729060406704916,12.54474215969205
193,3.377096348640463,4.310139150707887,0.1982019780381784,14.55385669414721
194,3.010061635260163,3.806075979640344,0.10242462328395485,14.055566325224115
195,3.722942785700138,4.761355858313012,0.22261778866361148,14.190264624303827
196,3.798820986475398,4.912423480484445,0.07471287452098474,15.435870348180813
197,2.8246554445010306,3.6753125882473863,-0.09349849791716625,11.961364159731186
198,3.1605196538211224,3.9492018880297306,0.010906185067219187,13.516919299071231
199,3.1967987720340645,4.167446250275609,0.1891702622765522,12.490841700534332
200,3.926262863226096,4.910625703197922,0.19824938924830315,15.449360488941657
201,3.19645566307331,4.157163870446918,0.18946749305071098,12.321074667764366
202,3.5228887155872455,4.44275385272186,0.14442988353401243,13.77862799186403
203,2.7192087329881436,3.514468427482994,0.16054321201083832,11.540069641860228
204,2.9582851307189553,3.7817383713959285,-0.22101817923188394,12.272806782438622
205,3.660194766290353,4.776659806768045,0.1454170029973464,13.898941368053027
206,2.429692432023314,2.996728163452549,0.03059866312560311,10.462656991914955
207,3.5803828445519605,4.68218687262443,-0.040859300154594935,13.924889516591879
208,3.589548839232662,4.651349860386894,0.011652867598431982,14.651631012891645
209,2.849997481821012,3.5929903919115236,0.4404816125689107,11.739395067088749
210,3.7780739326033435,4.811295441368355,-0.25679784805074624,13.840670867320934
211,2.3487489000650763,3.3192578255799527,6.294852391752759e-05,9.492846503743147
212,2.7018547166341293,3.2311356222198446,-0.03827550283979653,11.826034737428403
213,3.4048226063152516,4.526924662288892,-0.05213902176823337,13.360302010119158
214,3.112896369153722,4.204109026318451,-0.09068274206903104,12.910778191284713
215,2.2387432589197274,2.8490887057154786,0.49123800370261117,9.52409836413866
216,3.366222024163202,4.311685951988663,0.19992647610460146,13.643430101952662
217,3.1161821117335817,4.163321912917851,0.15937085713740795,12.7912373822816
218,2.9555320042158275,3.382336514663335,0.13268156184554014,12.586460651324957
219,3.380300650058001,4.888839352036432,-0.06082807612912755,12.609166950986788
220,2.8173569447981213,3.749158814081703,0.19356009052227208,12.057873393922987
221,2.533568302068303,3.147897564398151,0.3261703828358209,11.141687995000124
222,3.1339953951277466,4.422885638764313,0.1220415233192037,12.51813722633128
223,3.8571071287100676,5.090276665978738,0.015092084839668174,15.310512937737798
224,3.2542564439917374,3.8952593231044927,0.03800580022307165,13.705027875994954
225,3.9887427107206492,5.215849858298004,0.09054124510065797,14.944382114178708
226,3.1624141484876755,3.9188311734676806,0.025846858117853255,12.716413135005592
227,3.023707205104261,4.08903744352056,-0.10165760387444944,11.843444685066519
228,3.1320086969131067,3.902372054911735,0.012334220762501236,13.58647674081318
229,3.898803751803751,5.304513713533394,-0.07464559244237501,14.308414455821097
230,2.9999031809693535,4.135238903260206,0.4100035185848562,12.085202488249488
231,2.998671257391845,4.112103973795654,0.41588927686987154,10.907018010638936
232,3.1893230590215866,4.25977734618721,0.19022418494488313,13.578542585727668
233,3.048006044336927,3.909989249102055,0.2723888833267628,13.951898464515299
234,3.30624558611323,4.01043740719558,-0.20731500492018484,14.560031331344794
235,2.9926290177687243,3.7553562404316403,0.03631129813876666,12.237730328254003
236,2.995866971536088,4.07268174014258,0.10916802363392664,12.538531454455537
237,2.5176246357128695,3.4643822950869,0.31562925775132533,10.381544455728505
238,2.65654883923266,3.869430470090979,0.29587075626394455,10.092128749489145
239,2.603462223778398,3.8134398819280073,0.18476668272928398,10.798728717839962
240,2.5110179066576115,3.4713494012344643,0.20294625706578862,10.721798512232347
241,3.0172557720057718,4.1168192616693124,0.3334199726715197,12.249903403525336
242,3.2048404952890235,4.18601780397694,-0.17988660786492217,13.275629441080447
243,2.721507469654527,3.244974316598376,0.20362995010907015,11.399149967517848
244,2.615435560082617,3.0772555170269533,0.06661461854227635,11.451467361656649
245,2.640179063039358,3.140316247766289,0.14188983265347388,11.063438524891442
246,2.7009057875675513,3.534970733680935,0.3754422193045216,10.733306828528761
247,4.32719789279348,5.354368639679503,0.15732236669637345,17.501864382827375
248,3.5032113784907897,4.560242780904519,0.04318562231899292,15.154761701398387
249,2.8320068966980725,3.6306472279977533,0.0813884263287954,11.771761190833677
250,2.650307009167304,3.4847834058894356,0.36271404638766536,10.354500992026285
251,4.006583577370338,5.207255190630077,-0.08838630739991382,15.08385336034333
252,3.3198943213649095,3.9592585955876296,0.24608327955961395,13.650939519485137
253,2.9725433006535944,3.815841469150694,-0.0672144884637198,11.750434535838282
254,2.807475981806864,3.9271177796476935,0.190513726487462,10.645588522892291
255,4.268680389327448,5.553104891004837,-0.06815515127978111,15.511428723496223
256,3.4937577384489136,4.148994349188869,0.0106119350321211,14.223166314695748
257,2.9699277544351066,3.6782928125183147,0.13702865013765042,12.34964326721585
258,3.1567489000650766,4.44197251222323,0.09534071756455609,12.271662781110484
259,2.776973880966526,3.8228451155743857,0.24340761507512199,10.850455305240224
260,3.355098000311235,4.2483033217105595,0.23587819488261597,13.106952232499161
261,3.1473462743683296,4.2565070041652975,-0.03270237016140798,12.99453643682277
262,3.1356909960954065,4.193593821325612,0.17025097408967138,12.670688809811995
263,2.7785825517075504,3.547729730962043,0.002409153376172646,12.270415506888487
264,3.7139354044648174,4.809970732975888,0.1728007506306508,14.598052558250075
265,3.3068106131341466,3.8993068162503786,0.1855562644813168,13.582955675601136
266,2.333461254703902,2.8981606177005954,0.48176605355010427,9.658154094192536
267,3.647451344679285,4.714047090841423,0.23574481864995456,14.589550818493452
268,2.6543853344368045,3.435111284643858,0.06831583185588175,11.513066144134536
269,3.5435050823359644,4.449692546376568,0.08562931833594067,13.88065500452696
270,4.345167575616104,5.765718661215552,-0.1940189374682113,15.541416018660623
271,3.277910155476332,4.760859265364956,0.1702301430797506,11.946377396152602
272,3.4730743216478497,4.464249090195865,0.3081731764857607,13.816647017122863
273,3.369306796961207,4.018289817078266,0.29297231323998774,14.006215896907898
274,3.3833435899612367,4.583351522917392,0.2303673017741792,13.62726539925499
275,3.261955815154342,4.329788169332221,0.13686443270947946,13.208980546433766
276,2.938645523866113,3.650849714324551,0.18789957287246584,12.367175456512209
277,2.2769939698101473,3.1739981421918815,0.2848726175699745,9.21894186725193
278,2.874443050957758,3.616267223550122,0.03979539769219498,11.765882383756514
279,2.5390122407548876,3.3782778275872456,-0.011744770621544998,10.542334984597899
280,4.011296282149222,5.467604484627444,0.18841098581132998,14.166348700438997
281,3.2858796296296284,4.246393368097197,0.1686345362767696,12.625976230323563
282,3.414698723934016,4.6277364369532865,0.1958934689953783,13.342908702191409
283,2.2728837535013997,3.2915892400094253,0.12174805118593546,9.482497549241884
284,2.801143999518999,3.9484060115281396,0.28464509995460985,10.4507707106924
285,3.131236967009026,4.138727159711727,-0.041017625410390446,12.641876620087073
286,2.675714586339583,3.1324327021758527,0.24016427944052876,11.429489483746169
287,3.523278527572645,4.447501867841013,0.1816035994522769,13.77116455699801
288,3.913341503267973,5.075718472778985,-0.011030764342457422,15.599472132583129
289,2.6380138994991946,3.145201279860181,0.015285585033648408,11.15404465857894
290,3.1837309332824018,4.557323877893061,0.16370489140045053,12.397467348983888
291,3.032666705571117,3.7604157295394742,0.27000938746184555,11.72980920858991
292,2.9455492247404016,3.7356340213791097,0.037531439521035215,12.194201600510663
293,3.4626791408482567,4.4729002048135085,-0.1374564843361612,14.114737090813481
294,2.7723332307670536,3.8864782428462683,0.3308917695919784,11.39771495542446
295,2.733353807684688,3.893446535764651,0.1382907960539156,10.91586380877868
296,3.9673647433720975,5.084112907865674,-0.022465230402233693,14.985824866806047
297,2.694696870667459,3.512354695489151,0.1274915481183886,11.356123674857919
298,3.168307670542962,3.8331503788534182,0.4351836807694486,11.959404931293266
299,2.8449453887615648,3.941258763161759,0.011028812151871903,11.96538877172178
300,4.253055152363976,5.485969587114454,-0.15737913610182686,15.37236052306247
301,3.6869864188099473,5.005223166399056,-0.013452244574090333,14.03505186057108
302,3.1275087393543255,4.187700673209416,0.25471183084339655,12.818345658219652
303,3.617735446198682,4.7337780417042525,-0.27809377627927145,13.666714435470432
304,2.766250392581274,3.5707590572317067,0.0872889836527696,11.45792232605382
305,3.0608906112950223,4.015478871197107,0.06056017473034958,12.134167465102914
306,2.684298446651387,3.1179043173159102,0.46427733252040837,11.686423664802758
307,3.13815832696715,4.1597493425708825,-0.00129463230364113,12.615132204025445
308,3.085667635741164,4.232195954375033,0.1969876330719399,13.677438960133227
309,2.8895196856520378,3.513498376381422,0.2355667724445507,13.433222734015319
310,3.3047030494015783,4.517189439912286,0.08590658771247184,12.634703303464553
311,3.5877537843420186,5.024212529482043,0.050729520433850706,14.11601571800049
312,3.2306827978666206,3.933491670833694,0.27177051530707785,13.00927691800083
313,3.079589476699768,3.8511136483759802,0.039457435116243667,12.895876994081537
314,3.250645315196785,4.419422973888713,0.22144199544867338,12.58876936123384
315,3.30590548694225,4.528479539380052,0.06347573416810215,12.384313940664315
316,3.2177693496590547,4.446734763586795,-0.10313731319391684,12.562231144986574
317,2.4264193121693114,3.3846806822601243,-0.18200724731522477,10.020215533073545
318,2.7694489326033422,3.939402274644559,0.17635383291011508,11.429873177968407
319,2.2856980873157333,2.7531001580961765,0.09754125909273614,10.454635888493852
320,3.8026738533797326,5.298007947635424,0.05090573375252805,14.492069530615371
321,3.184049146931497,4.232710581880521,0.17765694922860353,12.512627170176426
322,3.0621472427354752,3.8954399165114166,-0.06152294568725836,13.997041309300451
323,3.783176767676766,5.072584654799837,0.08824273441000308,14.798141973554074
324,3.6191424574880457,4.939381767545593,0.2577440051617371,13.69511348148777
325,2.622607620320856,3.1897258992704893,0.27001302648812464,11.926945127611532
326,3.814910636476812,5.49712664664259,0.09127046687579465,14.17039690423195
327,2.9519379933791687,3.3671238371795527,0.14344314013805748,12.21698338095371
328,3.9733798206151127,5.122343805333241,0.11849814277074544,15.221536007893782
329,3.244329828396004,4.297346378093036,-0.02437940943692829,13.518034961322268
330,3.814279019183429,4.6552778455953545,0.17069802828419645,14.254793642622579
331,3.676297385620915,4.716189656759438,0.03961953163356491,13.881254029131545
332,2.587331154684096,3.2041436271730914,-0.027364617329323604,11.781820131976724
333,2.8590632055852625,4.040808476049271,-0.08722550025741893,11.288978554792873
334,3.768916221033866,4.265526731185266,-0.19880845530870328,15.897341135507578
335,3.725482167614521,4.588981449776216,0.2760173721092314,14.654206660937383
336,3.968376722406134,4.925275356081534,0.12257077730891619,15.60045452285429
337,3.222777806071925,3.9960470000185975,-0.058394628752332034,14.097145314773062
338,3.1820355622046788,3.8747908179891986,-0.060308417676611326,13.177111713260542
339,2.6235953512718204,3.4802168221536736,-0.06652703788519454,11.173728808064476
340,3.298563516820868,4.77424324326651,0.10961481705022913,12.170607320213984
341,2.8239734530175715,3.3735612151801915,0.34743623554939407,13.06819371072515
342,3.0721330744418966,3.838557300943623,-0.5321676359123408,12.425097478576404
343,2.3145801431683792,3.1087052927357988,0.07150596922967056,10.206313830541813
344,3.6144849793452742,4.276853358563916,0.1439293645278411,15.211455741904881
345,3.8733213224683793,4.900240324386503,0.008632762368731228,15.891947043173332
346,2.951235460345753,3.730561331684649,0.24624467981743714,12.646829931713132
347,3.787069589451942,5.0139834998052475,0.06118764375290464,15.353940706719346
348,4.2019591609371005,4.8260291541493325,0.21044327417641018,16.751803170726387
349,2.6649909635571394,3.2315800028823776,0.29269777547610554,11.343789568085965
350,2.8558356923577493,3.6746601443024085,0.3728307679858559,11.991396214900396
351,2.981069044789634,3.72990213198984,0.0805814989228768,12.091445198210215
352,2.9938887049769383,3.988090471779677,0.22122814831498916,12.037627821529222
353,3.4130381228248843,4.222406172827341,0.08712436307259697,15.15276883999744
354,3.241671632289278,3.917742408968658,0.3294620893396143,13.335174983146523
355,3.789844912712559,4.806768215915091,0.10935996839339523,15.47024425907521
356,3.002868113912232,4.3921848772429515,0.18717273205863738,11.35229226239491
357,3.693607556659028,5.006730671587317,0.056618194075200856,14.103059915081817
358,3.5049558929632427,4.250698877330366,0.03138945774101709,15.858872027266626
359,3.2867795921398835,4.233527977609709,0.3409450786459268,13.262657317341672
360,3.177314270152504,4.1859514694740785,0.2429774900497148,12.337881641545428
361,3.3418988731856363,4.003779809185956,0.056275606484285645,14.654567805591135
362,2.5625565140197484,3.828127829585321,0.2453370252285132,10.19339510767533
363,4.04986102976544,5.198924990799898,-0.03170933284854094,15.764823360343108
364,2.1598588794103493,2.7197013519430357,-0.1411547328156224,9.5318155027946
365,2.809091945364006,3.520402835303406,0.37144820962703606,11.699253692297395
366,3.438485265823499,4.845826934299946,0.19037113126855298,12.590235089210292
367,3.3229047725150664,4.366339992132771,-0.025262989183759466,14.35355154539657
368,3.5532598039215664,4.951121320629579,0.05101221341143081,14.307723113704881
369,2.8085535714285705,3.968456324003406,0.03429692826097208,12.096377798301704
370,2.5901022515066625,3.573211055749251,-0.20733086787415544,10.450990968810423
371,4.289793417366944,5.575942383913322,-0.046876100717739844,16.64655656284236
372,3.5167888231049993,4.352851905102529,0.16224511064584224,14.151339322842288
373,3.4603010638598874,4.67540527419477,-0.11437127961418736,13.329331002562492
374,3.4111256578388955,4.0769922258581115,0.0884783375321706,14.825282027636597
375,3.7735613523187044,4.805912830231749,0.1185825089018624,15.022364268077784
376,2.6753059587471326,3.511092381790674,0.4065091708824923,10.711118905834454
377,2.5997116296013343,3.1531209073986686,0.4542922841310555,11.643553404764564
378,3.2433583877995633,4.162246682737691,0.24959203200529012,13.352723672382538
379,3.9487467461732173,5.15784476206401,0.13516627802246584,15.40135813396281
380,2.9571385528959038,4.078896196783944,0.09844711588317934,12.575269915349546
381,3.264721518405342,4.012210045365972,0.16133711108906357,13.322800300249057
382,2.8706073727470804,3.620046303214667,-0.04562906781166576,12.13402814416119
383,3.642866564807741,4.7719684939445575,0.07335729713029393,14.421116089220586
384,2.3486081543728607,2.894820143944119,-0.16042897911440512,10.588770788455076
385,3.3161529333955784,4.243011004775651,-0.08938612850524752,13.024211873017972
386,3.5694404478963278,4.723056022383153,0.06703362994577944,14.055860079448085
387,3.41077108621226,4.36589935925486,0.018809045700487692,14.090327206911239
388,2.725295111478934,3.497287690663565,-0.08586594709350481,11.702565223436068
389,3.669923566901509,4.572168762506596,0.2472631250023576,15.634909620019382
390,3.258618474662591,4.272665943430188,-0.19337024707957973,13.335343509292255
391,2.9519512102820924,3.752148895381664,0.04383489447860878,12.90785331710477
392,4.044064100387628,5.352809109035147,-0.0016137637540203364,14.882174891902434
393,3.105958124664006,4.161111235754925,-0.10683271422653795,12.973257021073191
394,2.6660274912995496,3.4749159193342503,0.36062903136278646,10.686511055777279
395,3.275974192202133,3.9674487765220294,0.19716782871206595,13.542019467216903
396,3.1038723792547294,4.46955740225926,0.13003026791724748,11.679986926439238
397,2.9898263305322135,3.7934205033120163,0.16725644689227692,13.11362089781786
398,3.3214667119373,4.022725654449622,-0.38159260522585003,13.899679806872403
399,3.308581773618536,4.627016867127163,0.027194938779402267,12.629760590297803
400,3.3345512194776887,4.0972767043358,0.1372180718877819,14.294930209545665
401,3.1028507766743068,3.8841013627037393,-0.0179603878995529,13.286125343840752
402,3.14115329414594,3.9134977651515865,0.09748293520566298,13.531340927321628
403,3.159599188665365,3.8954182755833537,-0.20468867346072384,13.462419992939074
404,2.882869677163794,4.011951679397464,-0.0759668222494696,11.893720709491058
405,3.090473346914521,3.9123118435457465,0.009740952591926422,13.881224605004434
406,3.4478323996265163,4.370576321728052,-0.08600991570165228,14.29156520504867
407,2.9979031137707577,4.420629261180422,-0.08394555457579189,11.63133207558222
408,3.0891956858500955,3.787369300087078,0.04658140841652214,13.403826210641798
409,4.165972441501853,5.263458577822281,-0.17379488373117202,15.365848524353186
410,3.501652798998385,4.458932916161127,0.15653096774362718,14.25039175338194
411,3.1645249377528777,3.933379025776546,-0.4432714628667038,13.358340836128699
412,3.324481467334408,4.3234883798133765,-0.14811061296215788,12.883768506225387
413,3.3932329457035313,4.301750914450005,-0.10861579783618347,12.911887055976312
414,3.056690384234501,3.8011500035557173,0.15846709995674335,12.852937288517886
415,2.988036800073565,3.7694679430632063,0.21288694693832555,13.108588250845324
416,2.8054079131652654,3.4166306631592036,0.0968201564663479,12.29488922732766
417,2.547831246640069,3.890996803844654,0.31764693814870426,10.451585375367097
418,3.7627381801205337,5.034066687697059,-0.197088611192608,14.079027582543466
419,3.669938304614772,4.3342930752236475,-0.2099803604854582,15.638487253266275
420,3.2638075927340635,4.510170345741348,0.01582338555095819,12.513100684483444
421,3.019143759018759,4.085640799605683,0.08425946187484068,12.240593138626364
422,2.6631754802931256,3.5485276986909358,0.38572779484307873,10.992898685665562
423,3.359693531958237,4.584499169937997,0.0029798789087985833,13.524499211396401
424,2.9174751648134,3.3447443361823788,0.46391412022739753,12.23548741429703
425,3.1537109646889046,3.8976423243269323,0.09425407520900231,12.653447991020549
426,3.2953201058201067,4.073605059263532,-0.0968587371924754,14.940322914299992
427,2.8477444119061754,3.601864051404253,0.2578910936025144,10.920320012325702
428,3.9639340923237967,5.343379809681219,-0.0020880531265230484,14.471774502527152
429,3.379430007356475,4.873095761461553,0.2309613396673864,12.799512076998946
430,3.023552117816823,3.8386594547956974,0.2989252084687156,12.555119890293362
431,2.854127825877823,4.011094739875095,0.31138707652392794,11.343370499975034
432,3.219218147865205,4.01045601814182,0.09001450473237427,13.247101617275458
433,3.291959949636418,4.057081472641953,-0.12723080849862067,14.358714136139723
434,3.826463535919417,5.127955593313301,0.15224102899171432,14.617213102760147
435,2.415127281215517,2.8852178832710416,0.46493736655864515,10.208584842473343
436,2.6824038564920905,3.559048433474442,0.24443495515478275,10.717527863709426
437,2.8872052351243527,3.694639101339414,0.28765736949020815,13.401060603084908
438,3.3568473636929514,4.883906102009551,0.1843356051438394,12.860663505104483
439,2.97438984735308,3.7950549855904643,0.3510845636954739,12.796478813572188
440,2.5280715028435603,3.4637070618681607,0.012261220592316602,10.340298218359647
441,3.6064899096002034,4.680254732492328,0.1563012454158046,14.382226224574021
442,3.143610732676905,3.9580559798838792,0.1559407413442353,12.818041457065505
443,3.076463829471183,3.8415027666293593,0.19653080760360286,12.705420620773788
444,2.5131964533288054,3.047544284371988,0.4081704290292223,11.056454774919583
445,3.69881689443454,4.569664154405288,0.11447556714712304,14.547822662186217
446,3.699546101774041,4.768267599463317,0.043131988477284056,14.57904712538637
447,2.9628489481651217,3.785479248894485,0.022637899920630478,12.225145193146144
448,2.7751110722066614,3.3473982331935654,-0.04057411800410016,12.034644326330007
449,3.756978977449563,4.794848484249301,0.12819087364718906,15.238524279693436
450,3.208907442775088,3.9794406505464024,0.009824980406118677,14.140891293967464
451,2.7912806178026783,3.797511061020323,0.21100003128832967,11.033431032077395
452,3.3511196276490374,4.321338468524782,-0.016485609099318843,13.264233404589126
453,2.7498746887643932,3.956839654010441,-0.12082032047109115,11.76712673512049
454,2.7531965558950846,3.8686278742884705,0.22986772472920913,10.433209905352848
455,2.715853365588659,3.6305023432050225,0.2371344997144228,11.083304441650931
456,2.97075677998472,3.4945328202708628,0.407678675175829,11.918234120444167
457,4.030296667656961,5.1590605372380836,-0.14294156406692893,15.41646835220091
458,2.796661481764423,3.667696237789169,0.2234453422844992,11.882990854785781
459,3.211935029567382,4.247193974517553,0.24504228320125954,12.602725600275628
460,2.932776168548226,3.2664043214805627,0.4474093569335461,12.664588992548953
461,2.984422640268227,4.094902913489205,-0.05785165524793445,12.857076434710377
462,3.5105414049458155,4.666562809455377,0.12141867959695585,13.578318482883796
463,2.8703241023682198,3.9284764240048182,-0.009990015180010525,11.448256388942683
464,2.981149042950512,3.7678580893222464,0.25537893394059075,12.570283870666819
465,2.7840572673513835,3.4199084293216218,0.18261807891442383,12.348447712288225
466,3.3174511360099572,4.585743183337792,0.154420297460101,12.81528860742526
467,2.76975802846391,3.677264221763727,0.039642033967984824,11.172371341985233
468,3.459182500778087,4.327203500305973,-0.21434736571207114,13.64460546116665
469,2.9476709461562383,4.069484055252844,0.024053336551465576,12.262893586074192
470,3.2295180127606606,4.501811308247046,0.012025106749441905,12.631362890438048
471,2.948186787341197,3.4528219338091404,0.17965428104630488,13.232981445672554
472,3.0760233002291795,4.001859090444689,-0.09903216763547973,13.785615259958991
473,3.1360067799847218,4.142777582929867,0.021697600913218817,12.603785755458114
474,3.2689909105056167,4.52535446046329,0.004644679628437065,12.404660880065785
475,2.8043113770760826,3.6612205793307857,0.3973380613380666,11.559258960110315
476,3.2046630980675093,3.951250383211132,0.07640802379637712,13.881181495585324
477,3.098330946014771,4.379623835123078,0.08181053843314545,12.05267845294214
478,3.347199420677358,4.8949155990894,0.17548329345776448,12.8169926945735
479,3.104660717822482,4.391730042874571,0.05300244471937343,11.461908520398445
480,3.6231769728093264,4.424709065011375,-0.24243665779275814,15.012827877651858
481,3.2405544662309347,4.294743079362352,0.2430343033194824,12.901941866872853
482,3.717441473559119,5.088152041469132,0.16318027558843795,14.606485689795342
483,3.5194475426534253,4.866151480925442,-0.1253205077912305,13.409318604415056
484,3.423994680700562,4.583539772553891,0.003724191055077264,14.229085641839218
485,3.7438075927340613,4.837471204190763,0.051649305346562535,14.759619997528977
486,2.607070714144241,3.4488473099439956,0.13630042594171032,10.620564860723059
487,3.843264497213026,5.547827740216115,0.005511309327533409,13.364182106467478
488,3.115057369917664,3.9220797106990837,-0.048676764827592534,14.185570523077054
489,3.641969435248846,5.005269736887324,0.06604694570337266,14.574049023057778
490,3.4843553284950346,4.642663012209771,0.22370334483747845,12.889231150219194
491,3.5719701991907855,4.7984367631512885,0.07519215288989778,15.213596736706004
492,2.6699156162464974,3.5858685319427765,-0.013111492393969915,11.623871447779411
493,2.708406692980222,3.623407386732843,0.4857446636971495,10.86183148366325
494,3.4134862101406185,4.210973875681702,0.0543645368448179,14.7881014163833
495,3.762241108564637,4.7646057913480355,-0.02160142514290775,14.966796238741514
496,3.9163333545539407,4.9044347759109055,0.033446071167065106,15.836764969514148
497,2.8008806057776647,3.9604320748713104,0.27579639389951227,11.117751480356569
498,3.56878618113912,4.447158404801101,0.24866200446066622,14.422664194014493
499,2.8347069327731083,3.998134443954744,-0.05713680554459555,11.344405810656234
500,3.9294982740570967,4.885921032041897,0.11062904614909108,14.932084178709177
501,3.9851853231191456,4.67898216600846,-0.11093290333865724,15.688747737620744
502,3.225353719265482,4.45342290750342,0.15501714570463632,12.949838459801382
503,3.5084154712389997,4.415461179393224,0.05303698213032493,14.416059801129391
504,2.5922390678493623,3.488636375302636,0.3934646134893115,10.46726931589501
505,3.4810696778711465,4.412468541094392,0.09039849289416801,14.555989745803272
506,2.7958750247573767,3.6613766256240705,0.1905053966446798,11.361032184932684
507,2.852585434173668,3.7409743227503522,-0.06183325999605782,12.576975961789088
508,3.612408054635995,4.732760325225323,0.06701014440935738,14.05106001672738
509,2.444290361599183,2.951218843347676,0.2019336781469614,10.588930094489996
510,3.2287833658716014,4.4558633097662765,0.08804617698540229,12.414886004757832
511,2.0520035403050114,2.521979729989639,0.24919827297035857,8.87915559701575
512,2.972335688820984,3.7354233516303332,0.33227983259566984,13.292886125124245
513,2.482627341340574,3.0690103407930596,0.1820792450788531,11.628965548431475
514,3.2893061249752407,4.285820732428872,0.28946232735919464,13.4217266893118
515,2.5678694861783113,3.3938050984081882,0.25815090922918926,10.232448476030893
516,3.78773220651897,4.932320750971474,0.12192697274334452,16.19303890032753
517,2.4192414799253017,2.9363774511094807,0.26780332836963583,10.576779747325615
518,2.573612727414197,3.158060314267616,0.42677935859761373,10.961834035522594
519,3.2153423697761947,3.9398557442364983,0.12558025642440973,13.14212986723406
520,3.887316013779246,4.769553066720462,0.04484150285342425,15.693713286071343
521,2.186351657329598,2.6467460424588443,0.42325433423959014,9.229511449193376
522,2.9503779956427025,3.784386695701129,0.2473290799252016,12.402351978075817
523,3.091747432306254,4.02241928778544,0.15136503596546858,12.048467655102673
524,2.8579661248337698,3.746920866701809,-0.062074790551154946,12.149690624877325
525,2.9933639758933874,3.768930875646237,0.17070880375325326,12.130425706266635
526,3.8877842359165866,5.084817129668911,0.15787213400333622,15.35896651162939
527,2.4247516728913796,2.90327199574145,-0.015837203203978634,10.785773139070798
528,3.5873525415216583,4.922429341056084,0.20025585101503418,13.112232978504293
529,4.201122053872053,5.302691706816599,-0.05958964286592616,15.868258863411775
530,3.0606484593837533,4.043962054356655,0.30415211880814086,12.142181464835788
531,3.3123420762244304,4.545439030661576,-0.14016299764033158,12.954071938398148
532,3.7395155865376446,4.870948546093649,0.14781986832599814,15.145548428820732
533,4.119217009025832,5.498882119133216,-0.023746089254399028,15.395550048642722
534,2.389018645842172,3.267539067414634,0.2681651847029043,10.137059415415818
535,3.414588401522224,4.396695176191266,0.24405286309566177,13.680415796244796
536,2.4931446078431345,3.4929550903948914,0.23848334514205427,10.47519177537077
537,3.3191082427920673,4.199258471227897,0.016422673358011064,13.665388875714251
538,2.4264843604108277,3.0001983223433935,0.18917045046043146,11.482646023615228
539,2.5746174489998017,3.451401825934344,0.32540666261418016,11.141860874543607
540,2.859527749483632,3.6788810108316747,-0.05648560392921298,12.51619585589868
541,2.739124791330674,3.571762578903193,-0.011221615166037147,12.187525478696989
542,3.3165245098039215,4.2129306539110285,0.13237503776088178,13.900394369742155
543,3.7246435291288256,4.493539914623819,-0.3414849146408596,14.897604582002067
544,2.7261345315904153,3.23682427758496,-0.2819060439227019,12.852329716212264
545,3.184671982429336,4.48945170862828,0.038804282154050074,12.607472359482195
546,3.5793334394363807,4.960536596563209,0.13573349847554483,13.365881947174852
547,3.264589660611718,4.407546230309016,0.2879160313031751,13.690872101878496
548,4.465264076337606,5.491471312015613,0.01590353180560644,18.16100006116374
549,2.8182181867696556,3.2401923131304873,0.2639537729797561,12.512117151948127
550,3.6696280451574546,5.0068394327040435,-0.2643594204730131,13.918612590776402
551,2.861053465325523,3.295568288855267,-0.784148148438788,12.30196549758419
552,3.6572615263277024,4.719949357028831,0.25153226707591525,14.445050337637767
553,2.785175805675806,3.5647141897936163,0.3013313452231702,11.30931553740028
554,2.185137629799394,2.7204252324415217,-0.002252195732428408,9.741007569074823
555,3.131217433438021,4.1486857192283315,0.04145099312761791,12.531377465021528
556,2.6870297336106126,3.2413598896195945,0.49294808551145275,11.137396118170908
557,3.1708953965424542,4.254323768995798,0.27825185534003716,12.80165261548165
558,3.437304621848738,4.104456586955732,0.10255171250782635,14.48439930005858
559,3.1594869139575024,3.5874279987818363,-0.6464479228960927,14.185207243333736
560,3.552367997198878,4.961109058427488,0.03158035494926337,13.410693745777793
561,4.79173731714908,6.041434526560126,-0.0022986601185854827,17.788066575357075
562,3.365073854794442,4.011988295701134,0.1043976752946485,14.956514183837111
563,2.573321792858554,3.0775046688776873,0.34029185075136537,11.047469095256568
564,2.7814749172396223,3.5710832154131475,0.21950198839979018,11.754093538020289
565,2.9172201991907873,4.058116535074253,0.29084126865513216,12.185951148192196
566,3.0232608260475873,3.780968220151168,-0.054213645582598335,12.94256088694827
567,2.879172385620914,3.7014509204807506,-0.2292808279833385,12.320055394470836
568,3.0627532962680037,4.081975179444506,0.05653043208097708,11.893607192503081
569,3.807723856209148,5.1237125775197905,0.11452718620920621,13.77126062292694
570,3.7181056892453945,4.326758021183064,0.4136424290182069,15.52258411191383
571,2.491065723764253,3.3662873965435183,0.20226138441241914,10.354258617361337
572,3.694770318733553,4.780937170082941,-0.36250752432674016,14.160376619878356
573,2.8803449410067032,3.7094773242567354,-0.26959986065657215,11.605685317570344
574,3.1515717787114843,4.180281270762932,-0.2656357832912226,12.660060732021474
575,3.277978354978354,4.315117372133771,0.19345791916981414,12.258517428086035
576,2.1759488158899902,3.2159750628297683,0.05658289914914938,9.835393893239765
577,2.387628954106892,3.274189566369799,0.35458117713125736,9.407241031478412
578,2.768255807373454,3.9061973541904607,0.2736798557963127,11.313774192553275
579,3.6288971613898084,4.966168506750648,-0.26145883194915753,13.966279131056766
580,2.9630098923407737,3.732282958668992,0.2742797731935628,12.909648127052892
581,3.6785152222505135,5.289310799961414,0.09408428846475492,14.051243509482472
582,3.201294775485951,3.8705863832920735,0.02315170473190431,13.34373779663064
583,3.9643011699629334,5.134556918336407,0.18731745798065358,15.137459033325563
584,3.236424755255637,4.020504806574827,0.22915249007701288,14.16417067730993
585,2.4932689606145484,3.1563465948017604,-0.028182978613808807,10.632221068714982
586,2.5765860283507336,3.4333735239558734,0.09945875358304546,10.99587526833389
587,3.963689019041959,4.7804388924639385,0.203449389980503,16.78364809533367
588,2.844633438729025,3.588061160269231,0.11859310508460408,12.054409656331512
589,1.8595383880825036,2.475570386923673,0.33746500101476495,7.941874282502543
590,4.058059640522875,5.183028383826268,0.20730719289753063,15.656744051337174
591,3.4358819745069726,4.131338621573004,0.31652485867214786,14.776829289089703
592,2.796138966697789,3.6629711396870848,-0.12910135772939246,12.397405581738441
593,3.231363173046993,4.024516514180859,0.21623242714684143,13.854027852211454
594,3.10286155320714,3.8368506082969644,0.4005437136042328,13.54094657856991
595,2.8012140628978863,3.950861230691578,0.3108632767875755,11.462783128082158
596,2.9729272239198705,3.4701690894751795,0.3053920973485036,13.630906640527533
597,3.284452112157994,4.467646279690579,0.020187610846293835,12.747639597657564
598,2.951296214950627,3.392122002829154,0.18114353703017816,13.230456540861052
599,3.501364173952411,4.643052232055773,0.05333440690539826,13.777847621375127
600,3.0719845655433873,3.8732771279138367,0.15615848966907087,13.922811721023065
601,2.902114686783804,3.382293976564258,-0.3745493088817904,12.694699086783459
602,2.8890885323826487,4.018546262186248,-0.247104913815132,11.432617993340546
603,2.749664293495175,3.9288878168897194,-0.2030068331575785,10.724740912057248
604,3.8877368396853713,4.95657760588077,-0.008065054022122986,16.874009104043683
605,3.2657048460798457,4.690778339239219,-0.14488599048586548,12.695387043944113
606,2.970102573352573,3.8308244528299022,0.1527891688678662,11.637071418172413
607,3.131561440737909,4.108150445202385,0.2581018179654889,12.313684322433826
608,2.5767372888549347,3.833789398923494,0.19075919339280423,9.75972264936898
609,3.22107909274821,4.486074942899971,0.15733309683163899,12.356440145724223
610,2.716248146733442,3.498153726072378,0.3771820590909797,10.512079355971373
611,2.840598233737939,3.4375956550011715,-0.0608469250368151,12.768245894415825
612,4.005222437965081,5.220243250821774,-0.08973592690602361,15.122528170981134
613,2.7337495861981145,3.1393395251706306,-0.20982300821590028,12.611772512497648
614,2.6422243372096323,3.4884484473369803,-0.11603959465333791,11.165056503223365
615,4.087759234501879,5.217524726948267,0.13879520802873535,15.445511361296521
616,3.42763626814362,4.639078598744576,0.14522129930934846,13.616501295957592
617,3.253337962962964,4.259296705755929,-0.2076993574649464,12.600999531085682
618,2.638457127295364,3.4253218748416785,-0.021629362600697588,10.801549033419715
619,3.4173254710975294,4.3348139860241375,0.24702066655554544,13.865804321455608
620,3.1840849001216642,3.9216162790353915,-0.23015567543832494,14.652586986216917
621,4.2783437314319634,5.774619863794964,0.15287886683960694,15.292872618836547
622,4.166605777664597,5.707268231585747,-0.03128518655131729,14.990100299459193
623,2.5909136179724412,3.0444969203195673,0.2355768358780309,11.236197433587709
624,2.6896738639900413,3.887085047672427,0.17458998752320942,10.469628227993558
625,2.8740244178479477,3.3688027717658726,0.11092098637798964,12.671938611461965
626,3.7053314164049445,4.516835245575468,-0.20939857109059812,15.04116922036832
627,2.6396374989389697,3.061181070489002,0.34573419366152436,10.736712294625626
628,2.805199410067056,3.3728485548389546,0.4183387091775672,12.609987104928758
629,3.762710108790991,4.796182915930827,0.008394064552144864,14.995086014497527
630,3.162189889086948,3.9378864118812245,0.06008633084270787,13.526007933395
631,2.885963337860397,3.6561849789301584,-0.05517569284934298,12.170784011484525
632,3.1959375300625292,4.235800713928779,0.11590107044048537,12.491013694977791
633,3.8918548616416264,5.278932258073158,0.04705228789125482,14.278730050251786
634,2.850116879580114,3.8083531051272046,0.043903529905804484,12.674461634979004
635,4.098702769996886,5.4022926857071365,-0.07280557742698468,15.195800690952534
636,3.453313591093,4.520620973959615,0.06089870517270901,13.689383224839972
637,3.101038140508725,3.8965850992232918,-0.1839448231652796,13.658696172101125
638,2.8596756394476976,3.6378690798014053,0.07706263835110749,12.410230620860517
639,2.3111155992700105,3.226352884237658,0.29153888776716363,9.814624436526804
640,2.5965101894293072,3.070877716468014,0.34866372816981683,11.297277358396755
641,3.2083210925784478,3.9623983906684686,0.10415129499673681,13.007586774981734
642,2.9510197776080114,4.044965306467,0.2150816929043845,12.356534242929197
643,3.4867203300512095,4.896476812882584,0.1522447965302699,13.342203445731604
644,3.965063103018984,5.164206030178761,0.18606564263305725,15.404162320461406
645,3.219340375038903,4.243041936742981,0.3094911732659148,13.264493214935099
646,3.6336472887134645,4.513243195149334,0.03309715664692614,14.27271575025335
647,3.10586525620349,4.133092181740898,0.26677137471856893,12.485407605111194
648,2.933907619613501,3.8292350514431415,-0.30348165853245734,12.284681643320102
649,3.7172719138160293,4.988567957758733,0.06866532839623252,14.643381891787419
650,2.9452354497354496,3.708465326502797,0.4176505996329023,11.561223525122006
651,2.833842136349488,3.983289635025985,0.2755150554220368,11.038612708624433
652,2.9965802598817293,3.797484452449836,-0.026701159117297424,12.85114018010669
653,3.1864441225985325,4.173051254202079,0.30168598493310816,12.737187508239256
654,2.6332610099595395,3.215735164831801,0.375436715580554,12.159546599411087
655,3.3956079350932282,4.333163988635382,0.1661064760005413,13.477223699484783
656,3.1447451334068965,3.8275779550660065,0.16850903032030595,14.16679105244129
657,3.4157380315762658,5.082243307173628,-0.04914096171847082,11.680835599539437
658,3.9610191905044836,5.384384553197537,-0.18253717763379385,14.485155868011818
659,2.990993697478991,4.06646788081865,0.194242027240619,12.663294632310349
660,2.6403409090909076,3.533847797558392,0.080963790661294,11.228725725121727
661,3.566830960161842,4.923614158641745,0.1628961765106448,13.632082241401253
662,3.557682405285347,4.697430330829725,0.15311671380388725,14.259884119515348
663,2.433107726423902,3.0602465792661837,0.32052556646253694,9.983680620223204
664,3.1150099984438224,3.8124295960944417,0.16673179649353242,13.135420531877557
665,4.070879293636646,5.359501174664848,0.01012859488846718,14.75000857608833
666,3.1910865411821288,3.957531540313925,-0.03506383557179915,13.919776119474752
667,3.932267050759696,4.897377806679156,0.15252898750321864,16.310362072895458
668,2.681293700308404,3.554187047458953,-0.13438016600510272,11.688214527971947
669,3.5594038529553234,4.930185850258239,0.06325567439298385,14.034002992257749
670,2.8526786457007023,3.5862685812142616,0.18937415511068845,12.078714014977914
671,3.098508622640974,4.404358615177781,0.07899945450875268,11.96873734684668
672,3.283766923436038,4.3632257065660776,0.23933271869198336,13.594342615691529
673,3.4691576797385615,4.812322572578288,0.04989294406133471,13.007242866441329
674,3.3755818372803668,4.314240754730581,0.015229515173065034,13.7725273740501
675,2.414257833941657,2.9868841662535335,0.25745356482510096,10.207243068582462
676,3.741743892001245,4.5025435534440374,0.06107890188447551,15.08507134716657
677,2.827408719548427,3.5859580053059847,0.08200372956921509,11.049290598710476
678,3.7452903050108923,4.542326965906701,-0.03792170629133507,15.190855363622987
679,3.3158532241179297,4.541431649645966,-0.14465597250167672,12.874282044092572
680,3.396235085448319,4.643830711257968,-0.0011376735109043246,13.577532710640547
681,3.0687700499391672,4.662891088254262,0.06594850734458035,11.651555705373237
682,2.9492762852615813,3.712701974684107,0.3623400583671337,11.981550652164348
683,3.306544089352914,4.048226636957824,-0.15968955516810324,14.766131751973905
684,3.2423164205075983,4.164866324925604,0.003968562527260522,12.750830027587057
685,2.4432229366494056,3.29710921261988,0.16293917878545428,10.31179669613277
686,2.778080846985258,3.6850684634251953,-0.4161630486812229,11.802658053974586
687,2.260579248366013,2.77111185082645,0.053625331705953405,10.207532829890658
688,3.4660462715389175,5.109719540636076,0.05562345887810949,12.729479998269245
689,2.7303958527855587,3.283520458602522,0.13140834678494107,11.96060710864911
690,3.0242404295051335,4.094298794356911,0.3333669990093172,12.359117336551295
691,3.690417246696658,4.866675130735422,-0.15077811925458762,14.363311052709088
692,2.9495204248366003,3.792566230172644,-0.05799145796922267,12.699533166397192
693,2.8524849404408226,3.636762975229325,-0.03551018952432572,11.726018902453925
694,3.2214665775401055,3.908222121784399,-0.086382537199589,14.12741383097686
695,3.851607857284329,5.088007740668139,0.1838794861851064,14.834037899393804
696,3.1958962276829923,4.23439050522719,0.08883625940405937,13.104779167392987
697,4.47888508686303,5.406297366115354,-0.03465296422589681,16.674244055306854
698,2.3642402208358075,3.3636187195035894,0.3607573749234907,9.418879033660012
699,3.362917352799705,4.760421395097546,-0.034588812009448855,12.187771458486134
700,2.467197684124152,3.044074059884291,0.21633307223192222,11.400285920080536
701,3.128497234247233,4.16800027618032,0.08550575567447449,12.439984345600372
702,3.1495889850889838,4.195354659236117,-0.07923178425666855,12.730163317108659
703,2.5766562791783376,3.5119844459403184,0.24045684161001013,10.380282229265541
704,2.595671126531423,3.517917875160834,-0.07461598286567961,11.55702194750536
705,2.509975412387178,3.429066853892736,0.12145647565495776,10.25968856794892
706,3.7151907626686986,5.301741757110853,0.22525961941986694,13.170321762615966
707,3.1925120462326335,3.9893213603226854,-0.3954320208443134,12.86560490900303
708,2.76878868163427,3.5169198953770047,0.22190646841660966,11.177716126245313
709,3.165897978383268,3.9349418875451887,0.27886727315331794,13.293761111275442
710,2.9542489990945846,4.149553439490982,0.240617824975076,12.636742364161812
711,3.555523328523328,4.350290806140586,0.10893879141096674,13.938379678083667
712,2.4454419793169784,2.986156423342859,0.12345216892171618,11.281297721345208
713,2.8662148162295207,3.4191697593440424,-0.4974486926043207,13.047401646477377
714,2.4647162698412686,3.0711121640130488,0.354694614578306,10.02471825973074
715,3.2894478008375057,4.342438925230899,0.20046827878591833,13.247155703331986
716,3.682809718331776,4.736960412212201,-0.10737900454988947,15.003285915251563
717,3.307302609427607,4.299228838583288,0.26564565200985757,13.529215855777263
718,3.548071838836542,4.192643045197257,0.07330975947037066,15.039188958255266
719,2.235114258834846,3.156245036476829,0.28636447690345057,9.25571370956566
720,3.6557414799253016,4.463045397355459,-0.05122822301850083,15.100735345061702
721,3.2545662259853434,3.9355523634957454,0.20437301363649174,13.274301003207666
722,2.871841503267973,3.929506799944311,0.22219602655563564,11.855515835141246
723,3.0163871735562875,3.84343804244826,0.3533851914129229,12.944070202910595
724,2.8903513213366145,3.99825920793998,0.3433803063487201,11.558845859211711
725,3.2775433784624948,4.787285383365017,0.294038447263428,12.055681405177653
726,3.144116996293466,3.6762147538762053,0.13056789561971427,14.442500210316389
727,3.9555167536711657,5.366003497679391,0.23452634235819547,14.54980076149762
728,2.4784504251195436,3.3228166382812017,0.3364772491238317,9.717408147762677
729,2.3954051403389625,2.982748629742464,0.27613397150939534,9.533813132018649
730,2.8598053857906773,3.7037298609134024,0.33981836784718655,11.776501992886535
731,4.313626998274056,5.388545445555219,0.045441250888725415,17.03894653873172
732,3.1822162309368203,3.936581407524686,0.17601976938283392,13.977931781721598
733,2.747617724867723,3.8788107459304375,0.274477734024123,11.311203350377577
734,3.044746533967123,3.7760273968616445,0.19170799163700059,12.553893589975592
735,3.228051417536713,4.2641856580036235,-0.04451753631325306,12.898509138821023
736,3.452086038961038,4.403145006570317,-0.04803202978308163,14.186490004493313
737,2.930843084203378,3.6466659927046847,0.29014186235337736,12.451171126682958
738,2.7176843151401946,3.269568537445157,0.5332654509674337,11.043476380976799
739,3.5863543028322424,5.000211000592247,0.04713044908634623,13.077593054956498
740,2.9013829718756186,3.9976527935621604,0.2324123565022479,11.870094280413
741,2.5729232556659043,3.1633456212142,0.1658631828483672,11.503907964151278
742,4.004753618113909,5.4222033281681075,0.121971323618144,14.87372389139899
743,3.467429929547576,4.643256546102782,0.022314253727332423,13.591375565947303
744,3.1093947316300246,3.5466125748463484,-0.013148037486296671,13.771808685243824
745,2.3802686210847956,3.0336186196913144,0.2255034019527563,11.999232471785081
746,3.027923358232181,4.083701873363376,-0.09934841839822939,12.229063304948
747,3.336671140678491,4.281039771169181,-0.028264441847025035,14.095134206340065
748,2.84217462793198,4.226276598192807,0.36501539347407275,10.588147428645176
749,3.2009442782163355,4.5940184706925855,0.2683344849399092,13.436124669418808
750,3.479510656282715,4.628563505063563,0.05097786100591373,13.541319941440069
751,3.451977081741785,4.50127796092984,0.22156609413822614,14.886349329660728
752,3.183990878674701,3.5419697218015984,0.25657908377362404,13.466690537976145
753,2.9928037907082032,3.6868935402150886,0.25530919495412585,11.809972135834231
754,4.185551548397135,5.321581820132635,0.18679898087211455,15.462834473728417
755,3.39513922488187,4.288039047556097,0.16091527010852436,13.163083500443998
756,3.342333358090709,4.555746291887121,0.03648139178723775,12.63391423400051
757,3.7336475751916924,4.804102823030691,-0.08028468834249836,15.068152450768515
758,2.9255361846758903,4.3458226235306965,0.3001533061251104,11.072250183681149
759,2.9266240769034897,3.7143561073708566,-0.10379169035724534,12.369580288940497
760,4.295437533599297,5.104751071727731,-0.19747205163686843,16.618729927781803
761,3.4562821067821043,4.193230115157505,0.15743016534341836,14.874432558536888
762,3.3742650277282626,4.5474701686084735,0.10305100614783569,12.92716887260135
763,2.7870562169312154,3.9510514241212285,0.10258623981330506,11.151381740490784
764,3.0646936274509797,4.084153564347254,0.15431609360251908,11.888015649736927
765,2.362145828028181,3.6498336353282683,0.33680421559849094,9.322642255649182
766,2.8075701164304108,3.9879475083982885,-0.11038874682488231,11.358718727339076
767,4.449463337860396,5.800352591155582,0.057378374937605,17.302796268195088
768,2.8838034299578417,3.6877700088994785,-0.05504279378232746,12.252094701556846
769,3.844381521800637,4.83615101826187,0.10107589479737877,14.897327140145691
770,3.710817732648615,5.0243688541199045,0.014008499716823053,13.802344854235827
771,2.285050119542766,2.7431474764120143,0.6066234370093829,9.348403778390557
772,3.5198187017231124,4.65599335193437,0.30210301738316936,14.191156575325067
773,3.5343004201680643,4.704843273962838,0.1303756646106482,14.652842276135338
774,2.386551120448179,3.6388347665556524,0.10050344139460465,9.677679349771715
775,3.3059567523979276,4.229925996027782,0.058644244254342226,13.529427597022043
776,3.182029645191408,4.196757143091254,0.06073890672560256,13.3524298092212
777,2.959673694225163,4.0552871804766335,0.19839646828066837,11.398877678899252
778,2.9337071237585923,4.382566295009963,0.10416938657809571,10.863277398159148
779,2.6668619811560976,3.6249843649694506,0.4265164805537769,11.757780402159968
780,3.3574017521149853,4.27946533827261,0.1369081470835719,13.386702689313454
781,2.9240771864301274,3.3396410831991106,0.4197523778277418,12.669236107741396
782,2.778498351865998,3.3218992033224017,-0.4568840281511324,11.98451689347808
783,2.959730519480518,3.857876920522858,-0.10942711955066975,12.775023399222485
784,2.769150068613306,3.1436614748904423,-0.08875385817489434,12.23742829265798
785,3.200048711909007,3.9404734672944266,0.18399805403928826,13.925138963173264
786,3.611771591970122,4.960901739148728,0.01438450539736269,13.33722244136222
787,2.8333278371954824,4.007409751647137,-0.05050864943083044,11.100342828718949
788,3.7609191141102927,4.748548288695128,0.05172039643916426,15.332485458138217
789,2.4494367307529066,3.3885892398735216,0.1633272729723214,11.341029149559866
790,3.1779221132897595,4.191782588715974,0.2727228433045179,13.008626714796087
791,3.2756583800186743,4.4627623518172035,0.07299152573001477,13.937907463457108
792,3.116764833206006,3.927531709799447,0.20482121903272799,13.067069196257941
793,3.1498372343887024,4.37463963657846,0.20879376366684455,12.22285476976811
794,3.034839169000933,3.763699258142835,0.315445026786458,12.897277730609908
795,3.0240939790057424,4.386501466087155,0.18989500857870956,11.92640579462083
796,4.154441420507598,5.0198299852764,0.1556856554381454,17.342136748440502
797,3.4334457530486957,3.8817481902570043,-0.05203673241066853,16.220359532086796
798,3.984988279150043,5.148332471690691,0.057718784378667065,15.250364870337185
799,3.404298757886992,4.377944295246536,0.26654018579059746,13.999837484158945
800,3.1604929936621087,4.17477466814998,0.17818455210965278,12.793272554633733
801,3.1244229833347474,4.190931407919721,0.08902210103344843,12.951308640263761
802,3.195633870214753,3.6205338923116397,0.3538651241183641,13.886960053719378
803,2.3937854702487047,3.3144793794202467,0.4222485677889114,9.873786512938045
804,3.5873705507455487,4.69986962271972,0.07038651201501689,14.080453017782911
805,3.2553776667232537,4.200970317243273,0.38492980623621265,13.055428788084523
806,2.813371937158701,3.2556848778789704,0.247034748859978,12.79674778615928
807,3.38300663851399,4.30705847032494,0.2160029948152572,13.840975112659764
808,3.1937981000481024,4.220820087002351,0.020288641305838406,13.561861249138884
809,3.721675989587754,4.238767010459508,0.11288512753950519,14.771042067859645
810,3.018724697959992,3.8289440427452286,0.3733444544374137,12.644169033211716
811,3.04082198738081,4.100787263026412,-0.2702445988074491,12.046967326963186
812,3.0625478418640175,3.76826031155602,0.14541064365632017,12.940829646193746
813,3.0265948631978024,4.084299167889002,0.041035673335395706,12.557376017303417
814,3.134255496137847,4.407287018905697,0.029672409564454716,12.811892617816056
815,2.967019087938205,3.7427008724267403,0.11266216491554326,12.773196975793578
816,3.409675770308121,4.864088288813686,0.07849682470118391,13.404033423135484
817,3.688996088334323,4.255405805366698,-0.33155659468297083,16.219816105866187
818,3.6109859236623927,4.561640876202586,0.16021840487155103,14.7966841015897
819,2.843474347819935,3.7197462897860025,0.33798235155020473,11.695630336849199
820,3.9282222823472814,5.120031933578946,0.025242870050384614,14.885764972116455
821,3.3721896698073195,4.5599214861720405,-0.3662578217371544,13.0254350468212
822,2.9369201680672257,4.338789855597759,0.127713139042811,11.712372526596356
823,2.992604836884248,3.7395064474380284,0.04819841075025,12.918464024190818
824,3.361772691905044,4.517821687267356,0.012811849109978457,13.025712098981332
825,3.0228786428712886,4.152678129674629,0.12025973478059393,12.123068800972048
826,3.8014122315592895,5.066068850723886,0.053445572935244434,14.852417867871962
827,3.1278856598194817,4.377120616038539,0.22670235921315107,11.670938015041276
828,2.940211778145599,4.200515409685852,-0.00615850144542196,12.68776527997668
829,2.823266205472086,3.739595552086588,0.17721047554342562,11.826908207181587
830,3.1766013991455173,3.8033258891790536,0.22256391654143004,13.094757513501154
831,4.051509920634921,5.178329316358447,0.163768937602636,15.847358647167075
832,3.3546387403446234,4.30162143300549,0.05032131603874135,13.827837330083797
833,3.7443526546982415,5.287933783704522,-0.03613660666651386,13.606886362190416
834,3.970210565034094,4.891353590031751,0.23021255883046376,14.891010034619406
835,3.3632112759245105,4.842196028728292,0.057953117196905324,12.328581982208267
836,3.5485344304388415,4.703518212726605,0.21205642494582955,14.475333858282863
837,3.491358918314801,4.386456149098243,0.08935135453658849,13.691923644661475
838,2.725935507031092,3.962127472348026,0.18357868688824852,10.88291433516745
839,2.9278887191240113,3.800589501824439,0.19427622423503554,12.363977702758739
840,4.2347313117166046,5.528115519500334,0.00832498473885157,15.9801239520304
841,2.5037585448320736,3.0897248151365657,0.4339827796655428,11.070172519978808
842,2.7121413752369605,3.6456565305493553,0.22151509227907584,11.916364125838243
843,3.3198851894293053,4.336717004462887,0.12493361965876515,13.724931288843054
844,3.747904256146902,5.01317149599894,0.013029520103598702,13.968959519745628
845,3.8390322482528347,4.6131296144658105,0.08533628216538258,16.238997467938056
846,4.487057408822114,5.604172602049927,0.06039845652371856,16.43726328438642
847,2.4213683968536897,2.9917987635509893,0.2621795509931172,10.791946400461477
848,3.709379965622613,4.959997791216011,-0.007454187917782518,14.16359638278405
849,2.3166941438191424,3.3213158233624123,0.18631977724053883,10.459034725033293
850,3.0589148240104116,4.025856234670107,0.09667367551707295,12.332507057507664
851,2.9420809460147694,3.7393919711969175,0.2651539539357515,11.601289864342846
852,3.795862341906459,5.261563363686588,-0.07147317124624353,13.961930626835722
853,2.929778906006849,3.7125996073607235,0.035496029277923835,12.607498351311126
854,4.353000063661827,5.299735028218414,-0.09940721304777633,16.914409673155095
855,3.884700669156549,4.773674939881886,0.07788798197302171,16.54109714474492
856,3.0961257002801106,3.812997366658852,-0.10108916072971219,12.133264103041265
857,2.9936196842373293,3.9873127158326316,0.04081968195398322,11.584355649991766
858,2.70324205288176,3.235381542204302,0.08300591508612076,12.096248884407581
859,3.5252317785700127,4.64783151029444,0.04874666932853544,13.36782835270512
860,2.9094223290326218,3.9512971936671866,0.22926342244264397,11.290125634878953
861,3.787261696092577,5.062919195530768,0.061805904818013846,14.416911107599697
862,3.680626230795349,4.9796011932717175,0.16109131613736782,14.257134171620322
863,3.476775609738846,4.370329146542563,0.2431583300455189,14.741126488177711
864,3.6717510362730956,4.864226140144924,0.1712842142252876,14.392256468310686
865,3.514032007752597,4.649264464929048,0.2588110510791418,14.19528534121057
866,2.804349178055059,3.6053514385826095,0.4351851526455691,10.929036236778025
867,2.491375880655292,2.9785418028826567,0.3530344291019113,10.860332420972751
868,3.553111991766402,4.923080364988353,0.11159436078781293,13.026177504756134
869,3.2468380266247903,4.372906398392714,-0.011225562062403993,12.47265315659022
870,4.12975108932462,5.232355085637517,0.021989000556876248,15.683432206004019
871,3.0470148968678377,4.0198042255860775,-0.19894755262630803,12.328177602311646
872,3.476937059672352,4.5112742274688555,0.07248397399286532,14.563316666918166
873,3.1750006330815164,3.960065728373634,-0.06757737367843775,13.32500049869458
874,3.2619939945675247,4.140477160877433,-0.04063983902690005,12.685641054700824
875,3.0609409288968092,3.826935814818818,0.21576218191871088,12.720496199115292
876,3.5163138917183026,4.5219446134966566,-0.0812802913492674,15.138398047161154
877,3.32864836742778,4.367111089717082,0.03830586189579133,13.955209217956
878,2.894557773109245,3.945395024959509,0.04371259819103035,12.024481040115278
879,2.8783264083411138,4.051728101905879,0.23959311186398458,11.613742451087921
880,2.343750519904932,2.9757539717588606,0.4795348217557933,10.905988819319084
881,2.50807595209801,3.4197178726928064,0.42269258657771314,10.256649754643476
882,3.5586563393033988,4.6867626073978075,-0.05925245124504608,13.79700829875816
883,3.2922371084797573,4.029557722339381,0.26483002640056896,14.419813214960186
884,2.483697998896529,3.47554290557767,0.34577470705027014,10.318972717426954
885,3.2671507547463428,4.67379226849799,-0.00537684832769636,12.856453510673068
886,4.053695724754547,5.007799304789429,0.0640160694195201,16.669399605010923
887,4.415732153467446,5.61153317105745,-0.21048270938211822,16.8780381103645
888,2.978906848598022,4.0794394229937145,0.35486415617733624,12.374527683278945
889,3.634745564892625,4.965297468727765,-0.09464706059360961,14.162678045168937
890,3.4558887969329115,4.681286501879581,0.12077546699552166,13.044907077953361
891,2.4750003466032853,3.110730795282445,-0.7080780072241022,11.681558323644952
892,3.353551728772315,4.635303365883181,-0.00310403907740997,13.70232039806772
893,2.933229741391506,4.058535917752801,0.08705465082144381,12.42181994572354
894,3.7454030218147847,5.06012543969864,0.10054609511057877,14.942647190214519
895,3.113223378745437,4.138482930260098,-0.018826704803512895,12.72244170890296
896,2.649941151713209,3.127008512673622,0.2102579006837635,11.361405536752887
897,3.4947539824010403,4.469544227594599,-0.0712627172798801,14.6801346800013
898,2.560265989729225,3.441123917084206,0.17459105839877798,10.741209664194097
899,2.8094840491752247,3.35362483231793,0.2300088693854888,12.409802714332235
900,2.898438711343122,3.74962852492221,0.2495253511291352,12.633031567576527
901,2.57737125456243,3.469869217049938,0.2394824766271817,10.693622218329235
902,4.349723336304218,5.393706210690044,-0.13401770604414698,17.01760416650319
903,3.4995424553659835,3.8786120226703145,0.08026032932634175,15.412265738215295
904,3.7058451461392647,4.569976532158549,-0.2782029035990434,15.204052345334334
905,3.89481567071273,4.890712934373957,0.19482693004107787,15.659213058561825
906,3.255544283875164,4.276964960034922,0.14266984652796666,13.211505285985089
907,3.102819285289872,4.06897456202675,0.08164788597944295,12.832766865739902
908,2.5788040771864296,3.4697207641523056,0.348239578445406,10.933251558222503
909,3.6687513581190037,4.724504039658368,0.16670418813547683,15.15583500691195
910,2.125278566477096,2.660623908928541,0.3534109481680554,9.639660950858797
911,3.1728340866649654,4.269431243316994,0.37370730059529056,13.481940483527477
912,2.664025263135557,3.149309810406304,-0.09937520739295502,12.060590251937544
913,3.6797506684491963,4.569849346503363,-0.08563891916608468,15.272654136281027
914,3.1135290474775754,3.6165503606967233,-0.2142490047576835,15.269248488388518
915,3.6485991532976803,4.994071103970121,0.11886853710507617,13.537903372666667
916,2.610905472795175,3.599845886622973,-0.04349939474759035,10.755102942776837
917,3.177659441049144,3.7195115165352437,0.05945722151176869,13.989112280616023
918,2.77306079350932,3.2602854015559934,0.4459029220807815,11.154499600921426
919,3.219330001697648,4.466449323253639,0.22830812447748028,12.396027556713308
920,2.812117979515037,3.643176094581334,0.11581408074194632,11.523843616400336
921,2.8495072079336783,3.841105260134191,0.34931605371350083,11.218507767849573
922,3.075318935149817,3.55464265930833,0.22834698043779222,12.857388255771943
923,3.10053497510115,4.11632337351082,0.09098753753016087,12.336998479984652
924,3.7218034547152206,4.589372425297446,-0.22672632921912195,15.782127387425243
925,2.976837573918455,3.7558918461992423,0.07133414374943514,13.303145886123591
926,3.8651469032057246,4.786726288590205,0.18403199724180008,14.757885009447088
927,3.008926145205554,3.4765918017627095,0.3759339728066132,11.859911599775568
928,3.00899923605806,3.745745731695529,0.13909838556201404,12.007713427795146
929,2.5381788119288125,3.1056703622184054,0.05285102030507616,11.327798194150299
930,2.9356521270124194,4.118186391099442,0.0745310243805154,11.786753731464295
931,2.4566570042158284,2.910334105287058,-0.16231856157205082,11.091538297251887
932,3.145687349687347,4.199779573016713,0.26105535382201017,12.971611852162024
933,3.1957202487055403,3.9590758528540326,0.1184026886779751,14.233741823502042
934,3.54358201058201,4.740573155660141,0.2052731156090617,14.976277956258702
935,3.996458358090712,4.874721854634928,-0.054426823776448474,16.704465140269342
936,3.084607454092746,4.0975388296983075,-0.059156184271950796,12.830885197029552
937,3.200871357128708,3.9745154481153433,0.16680797359640998,12.652116544151562
938,2.9313310379707445,3.4175916884072404,0.17307677066004323,13.066559600370766
939,2.5939016707693154,3.1485440617307887,-0.7235387491669731,11.596351307220827
940,3.0547129346688173,3.539085682378241,-0.023109620696731836,13.060154449756883
941,3.527671395325806,4.481023849384929,-0.06340426965377244,14.924731416083045
942,3.0899990769034877,4.410899287355385,0.14482229669923075,12.047006803340974
943,3.197818355119823,4.224865920567241,-0.06801308520013882,12.918507768351622
944,2.9606925664205073,3.8121621417531,0.13675234029916172,12.526001415298932
945,2.6660500947853882,3.471191089446099,0.2433680416185453,10.700434667876527
946,3.5829908044025696,4.703428640372648,-0.09794395359736474,14.968555221730284
947,3.1507979196729163,4.134997689095109,0.26283795146092914,12.106447691973381
948,3.1617053765950818,4.145966085016237,0.12821812821966294,12.625790284626015
949,2.9370657096171793,4.370948806161282,0.02189532122269089,10.991093159409434
950,3.1160402802535154,3.9677921906601954,0.20889626830196828,13.222878461012023
951,3.3749843462637577,4.043400301673295,-0.41888464080367016,14.548187861359157
952,4.278315564609681,5.562429393787388,-0.034426283354994425,16.06083840241994
953,2.6970661870808907,3.13095339628391,-0.48306723729554046,12.346168663803441
954,2.828257819794582,3.7071018695535605,0.2523319588873252,11.269258851181107
955,3.3345757964802076,4.026035942733417,0.002472103040798257,13.680501965581286
956,3.713703855784736,4.569605260376857,0.3607485547409389,15.697359299889396
957,3.2530683409727494,4.069070004314839,-0.15686154664352148,13.80425362807303
958,2.79910462821492,3.9443903625834964,0.020888620812104852,11.473913303855293
959,2.165334758650932,2.7300697976383645,0.31797728555579674,9.417679067724734
960,3.977004898424015,4.970034128282753,-0.2679113963481803,15.979545190899366
961,2.9855011388393744,3.8660796385473177,0.12722953134524295,13.990780770840933
962,3.242314206490675,4.235312407126242,0.15043514048808415,13.466125141407872
963,2.880005358203885,4.314227146490096,0.29371997808994343,10.53207133269209
964,3.256668413830177,4.242391139046856,0.12878220097053084,13.171662074246065
965,4.053691809552102,4.969070197943272,0.04113284806860673,15.50175843853239
966,2.344734505418326,3.2537942078796145,0.39855637526173504,9.960934287322852
967,3.0408318160597574,4.315211988479625,0.1939360041797743,12.05457991197533
968,3.473880344056814,4.6920253494062925,0.037754923900909065,14.402388532588153
969,2.8429738031576273,3.9029168444123092,-0.10415540744440199,11.151814575330276
970,3.1109450386215074,4.2153218161399915,0.11093783138195235,12.247991947688043
971,2.8336852240896357,3.9157437135089523,0.34217834673049086,11.391462017174037
972,3.926550989587753,4.936654129661114,0.25744964630309564,15.402296301833317
973,4.055823773448772,5.459245402252859,-0.00821387622889902,15.60275643362684
974,3.485921904620435,4.594140985762831,0.13150294041191213,13.954934337504868
975,3.5783079782418006,4.14155846010372,-0.05464057704887715,14.759303373675714
976,2.531882756132756,3.482188854779263,0.0391253812226936,10.415626157542468
977,3.031490362306538,3.805531427628922,0.09413601643027103,13.141293209453725
978,2.5874106718444936,3.0577003409507992,0.04183880589020117,11.221757662019765
979,2.586693507200859,3.452604031508951,0.2569388710843359,11.12529300551212
980,3.5025584486319774,4.4238806429477275,0.04605531058513146,14.421188318317274
981,3.118908691254278,3.8935116368654117,0.034845822902143886,14.06097316242664
982,2.9750020477888106,3.8420144490029724,0.07648412997467968,12.552535554165736
983,3.763247545482838,5.323664728338589,0.2153782570754289,13.764091555078261
984,3.250172555385788,4.220775797062759,0.40589429181843406,12.950102451268087
985,3.4125027480689236,4.12373692767847,0.10142988419362209,14.836772006894583
986,3.705198448066094,4.830680638201578,0.13738137646745596,14.867704594757077
987,4.036594445859149,5.1862331645401945,0.07021474569705022,15.570795184071795
988,2.85837050830433,3.334326634122786,-0.4393661802096316,12.743120223788129
989,3.8060507031095248,5.128667833519952,-0.0453292839332049,14.488166301522435
990,3.5256538388082483,4.6555579012685495,0.13146846942228207,13.284366040597535
991,2.850215208810796,3.9514516753437685,0.26061978879161485,11.620518756933086
992,2.4932962573918456,3.1496566093295755,0.24756188631076315,11.439797530292461
993,3.196528283535635,4.1940075368024115,0.16253326619105135,12.988153128922924
994,3.120700163398693,3.8213547031991575,0.12931808111111787,12.206517441846817
995,3.399243007809184,4.338340859971634,0.2618886305119881,13.367816684877745
996,3.758233126078712,4.604541652269359,0.3316803854451271,15.580388752272079
997,4.17630785799168,5.2595724744448225,-0.022037988485151372,15.780823861392648
998,3.0088640183346054,4.332498953559225,-0.003642578310642852,11.424848009805585
999,3.2363385571400265,4.268974046119921,-0.04999527281952676,13.17848360503493
1000,2.8109030607192347,3.758611013698843,0.15958248221198157,11.891009122015362
1001,2.984687742268624,3.797902244288296,0.026095727791098366,13.062827092408344
1002,3.881381157513507,5.340008256373558,-0.038534877096728426,13.952745528995564
1003,2.9301161156381736,3.744902028597209,0.14924010119736741,13.014621950999583
1004,3.45831355572532,4.629292843150739,0.07798998194352114,13.236930775463815
1005,3.3611233518659973,4.539751553143372,0.05187830890268186,12.678212369112373
1006,3.878086873638342,4.894467912411982,0.204592042039612,15.833309301713406
1007,3.658447203123674,4.284329030372343,-0.2458272298031854,14.551353245373225
1008,4.0521437484084535,4.930893748177098,-0.016258177246941452,16.536401527040994
1009,3.9492281109413443,5.194057913786793,0.0823080661720953,14.929430103963757
1010,3.0882438000452694,3.8721296385198194,0.11785645074540951,13.509732912307456
1011,3.283138330079504,4.7767967783242655,0.19808584484878555,11.613185370775081
1012,3.283378112356053,3.9876516920849054,0.1821507778919702,13.47823365500394
1013,2.3606464929406097,3.01004993520404,0.4305538461393108,9.661419903724546
1014,2.737582969046204,3.943374196317366,0.17707236493673495,10.75399847691437
1015,2.5804399598223107,3.5149164899067515,0.08431355720604794,10.81602316671655
1016,2.5403455988455983,3.1123099745153526,0.1560473903864391,11.219389144900108
1017,3.4936141138273467,4.19661525065632,-0.336242187826177,15.342211149255135
1018,3.2052831713493477,3.91025129451789,0.1310071113402984,13.256848706968963
1019,3.081009170840053,4.22150223633844,0.05395068938691783,12.58412358257312
1020,3.715533482584951,5.053338293451363,0.04392150985491661,14.020451443684859
1021,3.1634382798573975,3.636333239993938,0.29118039120235384,13.485897932744754
1022,3.5526738781371137,4.447541660656288,0.2819467857527421,14.445365568136106
1023,3.5504160830999067,4.893281687624639,0.14487621614335688,13.842510964658095
1024,3.7898742784992785,4.845511590262722,-0.23912088442769175,15.50707384459766
1025,3.4422962432447703,4.42634446663567,0.14535454171776396,14.195411497128369
1026,2.8867054013524607,4.016895334104343,0.168186851914354,11.870867828992386
1027,4.034016502560617,5.246684823164139,-0.09215166587039736,15.767241413123234
1028,2.8677074632883444,3.3682303945587275,0.23255940983096712,13.243400947882783
1029,3.0947047788812463,4.2249175348967745,0.10347076067778738,12.1408838836886
1030,4.116937218826926,5.2530350237620596,-0.04190945148833003,16.796227578659973
1031,3.6593721316809558,4.720629171667046,-0.09169372299492928,14.71589967395143
1032,2.969316473559118,3.8244797825401218,0.29805702749256047,12.457672368869726
1033,2.628700902583254,3.2395696293543463,0.41929915952273944,11.774440048365857
1034,3.226305983504511,4.445316552927016,0.18220276448572204,12.256602798308784
1035,3.7243677460883347,4.624398259790067,0.18282663921351638,15.504879249296295
1036,3.4681376545567697,4.327162854228741,0.25486814856719087,14.564232483550851
1037,3.4240654620434006,4.659635938715365,0.055422573157413835,13.286211638230727
1038,2.8096760815437274,3.6217039217631033,0.23696907069077788,11.481483611696826
1039,3.251852849220494,4.745851748950973,0.03567726668843374,11.64733865344304
1040,2.484291963755199,3.3420593058851216,-0.13013397173616315,10.722582880641056
1041,3.2091318931613064,4.206393063081918,0.06092619958119028,12.55661558917624
1042,2.650478057889821,3.539504220097072,0.12360228844525012,11.079460149871965
1043,3.1575191551368,3.935687251035151,0.032734601151551246,13.820508690233341
1044,3.211733164983163,4.268689956556881,0.2332726196388354,13.00834237695587
1045,2.583383622640975,3.423288761565279,0.23743004376648635,10.985581741930392
1046,2.848371056503408,3.4794684351724436,0.2525849995399867,11.581813335618127
1047,3.09414896514161,4.4239139134229575,0.17517618045630245,11.80212947301126
1048,3.9208050462609285,4.899859786547291,0.040086757771117476,16.20456152466494
1049,2.850477941176471,3.6823644950257024,0.16018546129091138,11.8378094094734
1050,3.718289834620716,4.5929640542489105,0.01878290198415833,14.902427100913593
1051,3.021094732337379,3.7860824146625633,0.06681367469091781,12.211891733242707
1052,3.541395955351837,4.416359837031555,0.25695706739625424,14.840407534934835
1053,2.527896202925614,3.376207661908626,0.27793371845919934,11.554629270209437
1054,3.2849789774495646,4.594471776567835,0.0852718983782198,12.90957688351714
1055,3.8641606470871173,5.135311077964526,0.01966873438628336,14.992560676956886
1056,2.9651471366324293,4.018212196170402,0.40605219357227806,11.931818131293099
1057,3.9774650390459216,5.40024827762326,0.11190569631905234,14.957244794389101
1058,3.4986621006988656,4.913613499029641,0.1970887245409989,12.983844189088122
1059,3.494981976629034,4.343843828892316,-0.02734268870269263,13.45314303295029
1060,3.196706504824154,4.206498134375631,0.17310149585606394,12.392278112410606
1061,3.9629119733752067,5.114297583247683,-0.01243535824996278,15.004746580892817
1062,4.235357245423421,5.329438125455609,0.28203960449101007,15.894155809398281
1063,3.7789684095860574,5.287171348319413,-0.022498199014748588,12.987685077281261
1064,2.7524776440879393,3.5740995344743305,-0.005649736418758211,11.585169912766851
1065,2.705574915824916,3.6218035771658537,0.3793727707929232,11.585070231646815
1066,2.9587760801290193,3.774118591668595,0.14511029321223234,13.285763211362301
1067,2.4706984657499347,3.034123034391009,0.34919132879633374,10.789245155435278
1068,3.3070219456469445,4.536983786975386,0.11869035196041455,13.051308494541985
1069,2.7218216054098425,3.516933696351391,-0.16020439418685717,11.232183316082102
1070,3.9518282509973677,5.536356642387696,0.0616551714282676,14.166183234694717
1071,5.002948090852502,6.527559184906454,0.03222183623860764,19.40805750474699
1072,3.277282559488442,4.261195205943982,-0.04450631857747456,13.244820114858078
1073,2.7386114577143985,3.6367134792323035,0.17624505500460186,11.71481268294176
1074,3.018768440709616,3.824821267672636,0.40089903870395016,11.8857070939927
1075,2.5651558512293797,3.4751251913701258,-0.05179148124943245,10.768676794287089
1076,2.6652154245536614,3.507994417437637,0.43325904518998004,11.45210373361387
1077,3.073008375067198,3.8941964737374364,-0.0316896009613854,13.789582951456577
1078,2.388384736722972,2.803468939270206,0.04923498995066422,10.32019224623407
1079,2.6349950697450684,3.218642005789848,-0.0009831790219609893,11.240345612836721
1080,2.316428299097415,2.9525685241884463,-0.008164864833209329,10.753216910303449
1081,1.9085975193107516,2.367685144769445,0.42349804428923,8.451801006067013
1082,3.9655127252921347,5.1740464676112845,0.015430296594396431,15.040649737858933
1083,3.613375127323657,4.984391001282479,0.20080583193350388,14.086222118603775
1084,3.7860707919531422,4.880609061047527,0.046130019515145615,15.606839879020736
1085,3.996507635882634,4.977204471106133,0.13178861310447776,15.41577157685546
1086,4.066326302238065,5.49277878191323,-0.1996847575527596,15.20519870434846
1087,3.2007120292561484,4.27240358558897,-0.0027070828865916052,12.666087548979203
1088,3.816468950711597,4.593830337804896,-0.08308419514528298,15.173688531557966
1089,2.778804816370991,3.327864322786281,0.04403142329673637,12.196286780960186
1090,2.8728847650171137,3.757904843364909,0.284374135261092,12.15420584208603
1091,2.911792094615621,3.7657760425528037,0.21502987941580443,11.57309288048507
1092,2.7475725568004954,4.156112939754688,0.028278474290535316,10.62731672133704
1093,2.6217507639419386,3.165852052139518,-0.5506086474488243,11.564302059596912
1094,2.4922090866649698,3.4088330353576364,0.042150248262616596,10.600354158397007
1095,3.283745161701043,4.281531349235963,0.26727200432796894,12.857354684877956
1096,2.315574951192597,2.9680777215367415,-0.486030217045329,10.017864680107158
1097,2.7235422077922053,3.5710554438040307,0.03427336049609586,11.705531450139432
1098,3.201658701864582,4.214323179460485,0.1191367359170995,12.753304546058455
1099,4.4618065281668216,5.421033242802069,-0.13025475732831837,16.131358370827243
1100,3.068674355600825,3.8353091446106764,-0.14023290064727578,13.404674512363934
1101,2.7795991143932315,3.613289850131952,0.48887231598913006,11.409518730417696
1102,3.692925823359648,5.000878428973736,0.2394666158695895,14.839920548829182
1103,3.6608789152024444,4.998333329829612,0.13458179000494652,14.037947826255506
1104,3.5173947917550863,4.654989311925426,0.1393479515125996,14.232868134102514
1105,3.3808957502192776,4.326496489711683,0.22017193714633243,13.68303075124498
1106,3.4540858338284797,4.421151499512425,0.048555848567225834,13.304227094427151
1107,3.7420745904422357,4.8305404093837785,0.20738588776524502,14.986531838820058
1108,3.719892047222926,4.8938782946063935,-0.06830729068363306,14.78194094962978
1109,3.1020016870384515,3.5101119099132037,-0.13102070808007493,13.919702732550885
1110,3.239994670090258,3.8767338971260306,0.2447902647359429,14.112331698904725
1111,3.428818273774156,4.419957706378784,0.11992337781610829,13.973220777675838
1112,3.222957824038707,3.872604114852821,-0.16540766339832635,13.596894413254148
1113,2.7243776065981935,3.931028515821245,0.10323037740045471,11.377633887987205
1114,2.873460186599891,3.6421383658602116,0.08722983995607436,11.946578702354001
1115,3.217884517443339,4.531053569108849,0.26488474239643967,12.377465454620534
1116,2.9335857418725046,3.69695507625867,0.27855693048989916,12.599026093779738
1117,3.0367278987352524,3.4601713456697385,0.27917606806669526,13.366060629017726
1118,3.506226993322583,4.0632946276196185,0.2291918785649255,14.607095429128108
1119,3.3247709801092147,4.331904909416347,0.0751704226328177,13.807127621532967
1120,4.064410799168152,5.409242869626968,-0.2132157150838374,15.77411960673373
1121,3.6663417048637625,4.738887365722151,-0.0013636954885705155,14.132186215946405
1122,3.2409665916871795,4.252969517669481,0.11673895685933378,13.147919876847801
1123,2.939684382338794,4.308664242197694,0.1193457585414277,10.903629158158244
1124,2.9726567849361962,3.776896915418591,0.3397812964722974,11.80714630318952
1125,3.1377446736270267,4.406936424824395,0.14008049325014216,12.537379552869602
1126,3.9916857404577986,5.1282628956595415,-0.040977122342411576,15.914114766587383
1127,3.035989120900886,3.752523635066411,0.20408090757470032,13.166921301250422
1128,3.770382978949156,4.832182989412983,0.08648330633859969,15.613080984460076
1129,3.613032039583509,4.758456853953625,-0.028576149220551628,13.787756985263378
1130,2.996425929462692,4.039461680667825,0.21886939812660278,12.337787264873013
1131,3.045860888294711,3.7707175270376934,0.07831732557461446,12.695528671719341
1132,3.5354566038536612,4.526969090420089,-0.37447361408304936,15.036930979535757
1133,3.7032584387290255,4.617327409230184,-0.027541694353001578,15.675327423499652
1134,3.2508654012109885,4.0336364809068215,0.17202068635858725,13.19373820326826
1135,3.0182486383442257,4.021692398276165,0.13857842585656566,12.076880064898114
1136,3.469982712276829,4.369545912449917,0.024467235710718738,13.517363099497873
1137,2.6776591581076863,3.4746710511272703,0.06185522725990278,11.23564142924031
1138,3.3604366989219923,4.626248628521673,0.05687813490371474,12.812138347241774
1139,2.4870393430099313,3.3867241086089983,-0.09679912458726325,10.573069586322092
1140,3.417391534391537,4.297104171579138,0.017460965423168218,14.365611470539541
1141,2.58048057606881,3.464331626967188,-0.2736475008331518,10.912092915593915
1142,4.457314775910363,5.777241055579103,-0.10537889791418609,16.111145211172847
1143,3.0728999625102555,4.1423374755466345,0.307338147009684,12.162746776049055
1144,3.359344884418414,4.003028823715174,0.3609982694608429,13.551896951965903
1145,3.633761749144101,4.83992608989916,0.045466299609655536,15.25370580431891
1146,2.868610283507343,3.6876217258590076,0.05597355176917895,12.383157920234
1147,3.238384885267236,4.559890931154112,0.13653584325003165,12.530806123140929
1148,4.53675293905441,5.661191648446604,0.055384894373155635,17.298128078571942
1149,2.1678796260928586,2.768681462156796,0.2983268527232844,9.588818178929417
1150,3.2763733341821553,4.038381974344133,0.26563339474376735,13.025918894633131
1151,3.188538564920918,4.224910931754699,0.1153503763028092,13.25523476328244
1152,3.2751760567863535,3.972825992304468,0.08571114461363716,13.619155830168857
1153,3.641254173386525,4.977558427191541,0.18252204567022512,13.494304736465198
1154,3.0216517980929734,3.853767946616861,-0.26163768802509524,12.776178510182474
1155,2.8621550448462214,3.952229743450374,0.09697646247069569,11.725969717545748
1156,2.40366293537617,3.276465207511527,0.24738193705047073,9.828395658193067
1157,2.9898007844551953,4.123104706210176,0.277101665049159,12.458511088942318
1158,3.2969386335342215,3.9756875840049735,-0.13033356517455408,14.138394513125563
1159,3.829595782757548,4.85997658018038,-0.07091286664757046,15.093269168630153
1160,3.3858065953654175,4.811976081463604,0.12157680615922939,13.377419846379357
1161,2.536603372662195,3.468812765686441,0.0865670294248796,10.652057023399305
1162,2.5222066993464054,3.0586053682872474,0.2362671455122599,10.528186751246889
1163,2.9243155221684636,3.6934414840359264,0.2547807024538955,12.000068941780633
1164,3.5255965113318055,4.658892987349525,0.03349993640783444,13.73450958700355
1165,3.7426558370823053,5.049581034182637,0.013652840127887922,14.430056371175137
1166,3.494078081232491,4.1740343657633305,0.12238081411483182,15.229985118000227
1167,3.318210847975554,4.553009959611998,0.054497374459304915,12.370054694085475
1168,3.628414629488158,4.755345051767338,-0.11651571284933726,14.55895927807572
1169,3.078282251789605,3.877750572754218,0.19691782734132657,11.817099265192201
1170,2.7704539159097963,3.35522796318223,0.45439656147209917,12.41236226921122
1171,3.26759062261268,4.221084778028908,0.12281863851525465,13.449218447314065
1172,3.573651868828338,4.913941072838579,-0.025749468953567556,13.349695813007528
1173,2.8047886321195135,3.3717830064777403,0.1732214228079696,12.953887385057508
1174,3.287908309283307,4.064537552203941,-0.218584618003258,14.91341201694108
1175,3.324414604730781,4.557698776659441,-0.057475187969437735,13.08498210074843
1176,2.452382738448913,3.0503630095799137,-0.033757804006412595,10.809518129676945
1177,3.371298757886994,4.289251909649979,-0.15303444444391445,13.93257521189837
1178,2.626358787454376,3.4597171104683557,0.2782752601687649,10.146827541566422
1179,2.946465435163963,3.337932347862173,0.1966122775141087,13.456378652909912
1180,3.7993084981467327,4.846607641650102,-0.07651380077342762,15.286059616162929
1181,2.5191664438502688,2.901066987873604,-0.05831776964628621,11.17161445736313
1182,2.49970099100246,3.0024159240956183,0.32634536190187047,10.780012156226965
1183,4.256912334125567,5.053054905631343,-0.36398191518020684,16.62599050623101
1184,2.9548725596299126,3.813492199513813,0.0785756368511854,12.361283421295001
1185,3.554715619075911,4.737877788153048,0.017667559758935525,13.973167852545984
1186,3.419843979005744,5.065862104692687,0.0952337538043797,12.134099393565945
1187,2.4916485619500306,3.4132411178287105,0.23587810171502466,10.05287402098345
1188,3.482442584104349,4.359710213973664,0.12656318328831295,15.081069124408723
1189,3.674660855756441,4.540243949460589,0.018430189915179418,14.988876418418709
1190,2.835004410349999,4.240301126755499,0.15180340280465499,10.697357423956706
1191,2.645345082477434,3.606365434772622,0.3220243674970299,11.595950630501576
1192,3.551760493591375,4.91434307362566,0.17401515890064723,13.258082167724403
1193,3.404362260560789,4.343245403462023,0.06861442729653355,14.55316501368884
1194,3.6830240677078896,4.787158919032523,-0.01420027704069371,13.9108334657636
1195,3.363370964547434,4.347234550228335,0.07083165365294353,14.283537962834503
1196,3.3853074724839436,4.371839963624401,0.15720894584680445,13.705729425640751
1197,3.4076736942251658,4.095980877105924,0.030528337738879086,14.360011335964499
1198,3.9305623779814947,4.954702157450925,0.09286763424688416,15.441113484906108
1199,3.23915898834281,4.015315268055235,0.02729989314908532,13.319113032255725
1200,3.6025201737260533,4.516975372022633,0.1401091951129606,14.748541642856111
1201,3.5151735916588827,4.67036857665422,0.0671105814525198,14.609173174908536
1202,4.039439698101461,5.414341183652105,-0.37712307232029896,14.029120677110567
1203,3.1487143493761156,3.9149048352269373,0.2824635214470661,13.242951091290593
1204,3.219339165464165,4.04381828690507,0.03401036914716715,13.778117051847161
1205,4.245646266587441,5.68168046770899,-0.004668474998400729,15.23080718294964
1206,4.142850069320656,5.291191792522625,-0.09098929501294983,15.880601881531826
1207,3.927414159097982,4.704784434385278,-0.18749099868123742,16.3935520475942
1208,2.8138124805477753,4.219325939884548,0.1830765971994318,10.539995367226581
1209,3.480503748974337,4.338094152762201,-0.014069564873603335,14.102808138394101
1210,3.398474917239621,4.584976745768901,0.1348103961234951,13.265300855835038
1211,2.8634252928444117,3.949493614096565,0.1493199142423589,12.24058295731963
1212,3.5791153340123936,4.488278007368228,0.0894900207629159,14.038246186654893
1213,3.6199764592705783,4.415048653554766,0.04761163428048776,14.237349492666981
1214,2.9361941968706646,3.366432849427459,0.21683417802856597,12.822231463205055
1215,3.8126117477293926,4.849868241447731,0.04326064091941495,14.718580570352307
1216,4.027869472031236,5.332555668475199,0.05302943131566418,15.427497963631835
1217,3.2923843901196834,3.9543134123102353,0.11410001398893532,13.155379713333682
1218,3.6556166249328013,4.968387698999689,0.25865849956685627,12.71660332352571
1219,3.320495886738535,4.038460837843498,-0.08702697331917264,13.907530118510639
1220,3.505060224089636,4.871879798794287,0.0433087180394619,13.378508178981315
1221,2.7829500077808893,3.1626560353007442,-0.18811822199482164,12.191824320393147
1222,3.452046296296296,4.206089074580529,0.31215491017686736,15.003339583161187
1223,3.3820954785954784,3.9615125483843285,-0.20327521467689258,14.628906546860618
1224,3.11081588999236,3.953991142774641,-0.1496060763599132,13.654964902363512
1225,2.8396596921596906,3.6489899734499196,0.24160978679312273,11.871355574571064
1226,3.6274815203859325,4.497409215420292,0.10482185158900637,15.389325767631595
1227,2.814571920182212,3.647713885042361,0.12286017479908506,12.069957124970115
1228,3.4285928507766745,4.407811089452597,0.025356223661331057,14.707197748018558
1229,2.9480158624055686,4.028767381584762,0.10121683239849266,11.470785339996459
1230,3.1926841595223947,3.9008334176626347,0.25351062793580437,13.802447314020801
1231,3.211436557451261,4.255517008851452,0.08202169197135034,13.581018735070547
1232,3.0563002751605683,4.188121229515342,0.25595715893573445,12.11228584544242
1233,3.6411062586650824,4.493934242127136,0.28142034570831376,14.387169459204014
1234,3.4130785091814495,4.134297076059774,-0.23926421437296463,15.039371252431998
1235,3.381646149874093,4.542150568199075,-0.005124255838039327,13.175931664223503
1236,3.397321895424838,4.535612752695533,0.1423477641001517,13.036686275391911
1237,2.9510635840194666,3.704121933679225,0.2245186373492678,11.495226154352434
1238,2.8007585554423797,3.266718720572895,0.3872343738109143,11.851269242316553
1239,3.2484587718925932,4.471061895833636,0.35147486838913267,12.235726321449922
1240,4.085322333984098,5.288532713136006,-0.14161493118687907,15.326720889172249
1241,3.1718811716605813,4.266455580099303,0.33922890379003545,13.178832666170583
1242,2.733562519452227,3.6225213683375097,0.17595761909633778,11.790530295141393
1243,3.179738887474181,4.445502658404261,0.14269577709109393,11.826968769430936
1244,3.598162931839401,4.963658833513122,0.15296883800943195,14.190153268552109
1245,2.9955586431542316,3.720349883342136,0.11503319899428488,13.509197501901186
1246,3.8359745670995644,5.287015585243467,0.11589567235245657,13.944429641247263
1247,3.29109309835045,4.584998420241894,0.33121404205780636,13.105659256345191
1248,3.802720340661516,4.784168248092546,0.13207035279902335,15.385033759163441
1249,2.703194692018219,3.637560844430825,0.3163180027328316,10.992851230881678
1250,3.450055138216904,4.624714805393389,-0.036710680032533416,13.098787196647049
1251,3.236448242933536,4.464340673317449,0.33373423017823645,12.310811532930645
1252,4.346709748040631,5.579273874623246,-0.06007692723729097,16.492405585139025
1253,2.4173353457544615,2.9251814274572827,0.48460142458454425,9.813692785181697
1254,3.1568322793763977,4.149627622986034,0.19243631476641143,12.37360724866348
1255,3.342900316187082,4.324526377344033,-0.06707634831816467,13.639501322114892
1256,3.8334604200265945,4.83399446060546,0.2890798529723426,14.860199780056396
1257,3.0251062480547755,4.150525456322736,0.033898415199048904,12.281848316832136
1258,3.0979781463090275,3.8977517937185397,0.10564270425604094,12.536835671134803
1259,3.3199758650935127,4.538707125121127,0.15399172598497834,12.739622033648807
1260,3.764390353110942,5.034433497882359,0.036868549187810684,14.633472541901588
1261,3.316228602552131,4.415169188369648,0.22881697683208768,14.097218904263617
1262,3.0949459086664977,3.7712668682447434,0.07722082376394934,14.07607039475463
1263,4.180055672268907,5.681073012099107,0.07310377875549667,15.347017619234743
1264,3.7118299734035003,5.000579359237793,0.18639146103722237,14.405772568704556
1265,4.199178412274,5.507139430389247,0.10645961924090308,15.786013528210994
1266,4.038609215403333,4.521759018307165,0.15456135707313534,17.437573819694375
1267,3.255264483065955,4.212835229384988,-0.13376799593606514,13.369124773299573
1268,3.0584838157485192,3.6042765029927106,0.03038640681887117,13.769179164935528
1269,4.106818326825679,5.212012428705519,0.07510897323153176,16.67686047440011
1270,3.212788671023964,4.237274776689933,0.2629474734251539,12.646118633842962
1271,2.4656469385734074,3.0976344894954,-0.0186621711517323,10.385160201533129
1272,2.9464546126531426,4.280245771462242,0.3153206237254885,11.397992283939496
1273,3.3791795723339835,4.5806495838775545,0.3665788184398997,13.30654539567937
1274,3.616028202189969,4.425104386577179,0.05713635246947224,14.493432877761055
1275,2.271111889200123,3.179928788618515,0.010462130839613337,9.706320814604716
1276,3.6412940539852308,4.7612182435254855,0.23820947000503545,14.459706922704862
1277,2.9194402286167,4.063981396102637,0.2441933345957883,12.152684413465105
1278,2.7882645608748553,3.687131715484851,-0.09502166751382402,11.428115332622035
1279,4.469950693913929,5.459353070785478,-0.016673361855706004,18.451626774115912
1280,3.630177315875845,4.677166323951324,0.08428002411205726,13.938781549599266
1281,2.8106698037800975,3.972158656891027,-0.06117170823915319,11.353439881968711
1282,3.175011437908497,4.386897423392073,0.3177420090809374,11.779816867569837
1283,2.2985096872082167,3.169456760098301,0.46945598893560225,10.213750403673407
1284,2.96570453130747,3.756222097680591,0.24223005292454014,11.985725455428845
1285,2.8907748210395257,3.7216280592074984,0.3619258034029753,12.203378290432507
1286,3.3716655242905227,4.380105730809994,-0.021426661553640258,13.351827574902542
1287,3.305864623121977,4.249349943408595,0.02713166329101846,13.659747511007112
1288,3.769706812522989,5.038945958655048,0.07860469962869099,14.284453641318052
1289,3.152801353874882,4.492609993534889,-0.001724948670575266,12.08736534550024
1290,3.3659455726735117,4.31377421529518,0.2164208987902725,13.789485918442763
1291,3.3707256316668053,4.622597655334152,0.2368661095472666,13.017612966633
1292,3.471948617830969,4.693054540888442,0.2183279004095794,13.708101375963727
1293,1.9817948037800965,2.574852457309903,0.5001549504654299,8.497204786052299
1294,3.2101511933056037,3.92087367032905,-0.037568740746941165,13.197675060294262
1295,3.0124071492233253,3.7813238920545444,0.20430547367372842,12.84501033786222
1296,3.0328863742466687,3.840926111925911,0.24565920527029883,12.986499626733785
1297,3.1107528400248996,4.365889351679572,0.20283259488578265,11.600641584266128
1298,3.4689292221939265,4.702549361452572,0.18224785213479788,14.286229673771517
1299,2.753812660922953,3.8834067229197005,0.0038592064102436208,11.24922805536157
1300,2.936774598223127,3.8632968781406154,0.25196737218467,13.45216779943037
1301,2.9433331671052247,4.07528309729029,0.017915506396373182,12.273256676248181
1302,3.674355883767648,4.777751320884974,0.18121182564986527,13.799403935757699
1303,3.659560068471833,4.783834209143502,0.2052649417177117,14.297010518474748
1304,3.2752487798149548,4.254888970783168,0.06033060983889027,14.0248137164512
1305,3.26974920776391,4.327314518375028,-0.023588636642984273,13.855133608916809
1306,2.792399315281667,3.679608118102999,-0.06408867928803952,11.838947219227101
1307,2.7729250700280126,3.603274920041218,0.3119226968915719,12.375584027640981
1308,3.242098644003054,4.314274631672571,-0.11369504299702293,13.180739197347583
1309,3.4692006267153297,4.578522083941943,0.19622304783062328,14.598714851500748
1310,2.992479186118891,3.803742137659323,0.20945629754810635,12.345810626495082
1311,4.166490779645192,5.444464144564519,-0.038343426974778216,15.534601189282748
1312,3.6853055272614093,4.795548505506611,0.14120487137295856,15.273023523478043
1313,4.016109254307784,5.211738825629673,-0.04675561403078898,15.663710289638717
1314,2.879541146761734,3.358747636508008,0.46111360939153556,12.107621162261854
1315,3.883931330107801,5.1018611789068435,0.060055306225938465,14.291095488008867
1316,2.918871770930591,3.664833210556281,-0.06753567417098982,12.109342239068637
1317,3.615500827603767,4.7507340135921465,0.053738881470551614,13.979921275956212
1318,2.8291620228899617,3.6253983437885617,0.29320829870570586,11.59415776931905
1319,2.535892262965792,3.1164837763647126,0.1763778884707895,11.294269145828768
1320,3.8182256352035777,5.022955141940736,-0.0692906064594847,13.739809845787681
1321,3.560414396061455,4.676143279042879,0.18564879971471004,13.868949864668622
1322,3.1431056008261877,3.606162536731256,0.2721107864731248,13.97030469819638
1323,3.029029139433552,3.740503115731317,-0.5155562475607021,12.904404944565876
1324,2.3635829690462016,3.029051425723011,-0.001366723552099991,9.779376897813762
1325,2.8326899845796913,3.921827093984926,0.04679562081637967,11.370459935124826
1326,2.8278061497326226,3.631005036435452,-0.1566314332746661,12.18828461714204
1327,2.92516245437569,3.6246797128754236,0.01937769291090885,11.709962856309678
1328,3.231388160314631,4.478893873900881,0.2070193261619866,12.95913017772132
1329,3.1524693043884224,4.173508677853198,0.2019891433561336,12.613030653691732
1330,3.276138185072006,4.351036375169937,-0.029971492563442892,13.320454008370582
1331,3.3119409147497394,3.9339006677413546,0.16749201545040748,13.725570164876538
1332,2.9318808356676005,4.056121007909732,0.18546199061148272,12.249770907318808
1333,3.340040160003393,4.550439410450071,-0.016679945861911127,12.641505787043569
1334,2.198652622159973,3.138382022307194,0.3438624660900257,8.827449702579457
1335,3.510076754944402,4.417088714197019,0.1291761524438534,14.251684113931763
1336,3.165625880655291,3.9731545418963368,-0.18805770234003671,12.831625589887427
1337,3.1929567630082323,4.219470161323073,0.21779639406757756,13.167207285693857
1338,3.6515560471663404,4.824905725046674,-0.12355339159401812,14.596618878863609
1339,3.005544206066265,4.113714544481573,-0.012555918251655696,11.806257303915451
1340,2.9326976735138497,3.386623442823878,-0.058556200005413395,12.943914873703658
1341,3.199705206830206,3.9553053887406544,0.41185165468014584,13.69926064121105
1342,3.1086723184223177,4.422524769080668,0.09906413432018635,12.108262836711141
1343,2.8749900157032497,4.0212156453666985,0.10027326684046745,11.505360521044485
1344,2.9443455104263925,3.6364182627157478,0.3168390384647397,11.87931174370446
1345,3.1456786067962517,4.203430327393116,0.11736037967508262,13.583608998173865
1346,2.447783496732025,3.0182051517794553,0.5075681990651568,10.882224313884981
1347,2.742392789944258,3.368319521813007,-0.24849941166937195,12.807123230292754
1348,2.7978438375350123,3.7069858102335327,0.38807951349586645,11.67122929775764
1349,4.367661906176613,5.765964791849903,0.09758903524699525,16.502919077977097
1350,3.0868900277282623,4.091052024613018,-0.11040133771305993,12.385169526344027
1351,2.674777491299547,3.949988155478425,0.3172175260730865,10.467713573779355
1352,3.7986000021220603,5.073365024510076,0.12042326567512196,14.520698690223202
1353,2.958142726282432,3.7653354069740206,-0.1599886644791646,12.129978303458829
1354,3.558463415669296,4.651924701982837,0.0999062221259549,14.696519459836225
1355,3.559817951928243,4.657733754771399,0.13500420128067392,14.20778999207257
1356,2.908669934640521,3.8126465740988054,0.23521151341573887,12.924940464844642
1357,2.6644242530345483,3.590172391627817,0.11419805608125377,11.125156995436354
1358,3.5706994348244367,4.912474616291854,-0.09623790966688284,13.750118323411503
1359,3.217600490196076,4.224363560575512,0.2874967671516785,12.883665992897692
1360,3.3993800009902935,4.342327155518843,0.28319541171550666,14.260871415626012
1361,3.00032636943666,4.093075800228369,0.1320016336762344,12.390798148501373
1362,2.5809142015392017,3.3922605840593496,0.22735719103745966,11.181595186563168
1363,2.9039361436493785,3.7640426641862224,-0.0875317302492109,12.288430081418236
1364,3.21472804020598,4.400678307638632,0.1225233872996776,12.543562651602796
1365,3.2693794740118265,4.292892029665489,0.21817924301844127,13.227257058740511
1366,3.430642354921766,4.6313426777417614,-0.00954485804588967,13.766613677682354
1367,3.2020116607248963,4.193906419277925,-0.11491538180795313,13.128568754156177
1368,3.4777757688934163,4.443187735197172,0.09297498743138966,14.43561876535413
1369,3.713838581897405,5.01460808264323,0.16707403664118936,13.982768343394469
1370,3.372525662790368,4.306999419067682,0.13726737772763709,13.374190294280428
1371,2.683676909147497,3.2255652271347093,0.5006917421171255,11.361511161042165
1372,3.1545936925275138,3.6718404114028083,0.024737608417919943,14.554496679976292
1373,3.8323395297512945,5.327695564607979,0.006079511898648193,14.705480141272245
1374,2.7043731573437433,3.5492585313622538,0.16994955782321075,11.391597885520481
1375,3.3073259556347794,4.512328376788577,0.2135574148402224,12.979194052319714
1376,3.265702501202499,4.186044849682376,-0.0021548030963494114,13.232053020609335
1377,3.097930371643607,4.148410206096451,0.13248041308301728,12.484482573505245
1378,3.78300036075036,5.017252276469833,0.042675909167436576,14.635473716553864
1379,3.7890366833602105,4.601719551510045,0.12838699688991373,15.685244292937849
1380,2.8576966124833776,3.659111600816934,-0.16051562941901665,12.047824707344263
1381,3.575156760178818,4.971208725788525,0.02381236556188271,13.520190300478305
1382,3.6458719124013244,4.331977861959499,0.08450653193947022,16.116729488479173
1383,2.776061444274679,3.6219422676747457,-0.09061103586238217,11.851297280401015
1384,2.3093859321506383,2.839868162785036,0.5275443183301034,9.374561832711098
1385,2.9729178974620156,3.4534801272891253,-0.313428873769223,12.965276299774148
1386,3.0612019812975677,3.4777680864201748,-0.7165955454313784,13.340873137244277
1387,3.123863459525226,4.427384378055597,0.09625482828960807,12.361912222261468
1388,2.982951949466654,3.8620343418956486,0.1210634907362772,12.861719568523162
1389,3.4567969824293328,4.682384455799297,0.0767864653826913,13.673842103986415
1390,3.309514964066436,4.224977988968506,-0.20391525626617435,12.491739815054052
1391,3.1717873730300195,3.91771621529922,0.0032097529650043644,13.601217032553729
1392,2.864988300370652,3.643038657773519,-0.31129236284695017,12.082853745092317
1393,2.7710253550915285,3.5521767747682422,0.1200843594064932,11.746876356054104
1394,3.907929586481053,4.740214830897082,0.23764674925529805,15.800337451463633
1395,3.195379484622131,4.473225168787296,0.167341130930994,12.589946496024314
1396,3.631933862433862,4.475670141682027,-0.02639760821853976,14.348158854745249
1397,3.6085273639758926,4.537807428869479,0.01705409925682344,16.36087138029583
1398,3.806513365447187,4.877416256013735,0.020644484665325757,14.470287055806116
1399,3.1316848456554314,3.9730906004242765,0.19488290533546104,12.727835314161279
1400,2.8629250134397153,3.5195843518043457,0.34423593190718904,12.368563828525303
1401,2.3734840067340035,3.3273919991908683,0.05314068441081676,10.167143014164497
1402,3.173605042016805,4.703243398078996,0.23255413500662792,11.94880952482165
1403,3.3746294987692047,4.291963955801118,-0.027137927607937096,13.130134104120375
1404,2.38852720835809,3.0587599327436066,0.15720796002195359,10.453177450882512
1405,2.987999727668844,3.839090470683263,-0.2402882494181584,12.494416797713997
1406,2.9284899520414207,3.72524954462736,-0.1961207650034884,12.813422257829302
1407,3.481168962029256,4.891162392283217,0.06369872373211072,13.264554854865853
1408,3.0933796543870065,4.184469215593279,-0.15315380301842962,12.975704772550726
1409,3.0290579004329006,3.8026988357698492,0.14454944416797688,13.102564672061066
1410,3.1542229331126372,4.225799745974701,0.12562432470666662,12.781524733771912
1411,3.3615904210168908,4.2787409440161355,0.16230155872798835,13.985189436686449
1412,2.9759203342953335,4.013787746691231,0.25376732623052056,11.928044550825097
1413,3.0427973608635352,4.383808184852352,0.13614546887176882,12.102324339267119
1414,2.2093500339529735,2.602295511475312,0.025352979335718784,9.534857249919549
1415,2.828429593554594,3.6986637986172317,-0.07171399178999116,11.413883324674746
1416,3.1406985011176167,3.9061330914623316,0.13283656136583388,13.009396935838952
1417,3.5015039258127496,4.385699881584103,-0.027634337002995002,13.790686044075052
1418,2.7914925444925434,3.902553902332351,0.3391217880456254,10.72272185093518
1419,3.1969290630393563,4.225974148920933,0.1279162219197274,13.537175695567552
1420,3.693739612511673,4.977236756254492,0.09831687968044034,13.361303829640917
1421,3.183430237246412,4.169555921087304,-0.058420436349787996,13.67134960574019
1422,3.263574190787427,4.36836487267573,0.18518453514880906,13.028425983758856
1423,3.4520327398636206,4.425942027564085,0.15983968266797965,14.477645914804448
1424,3.259784610814025,3.9489810269898085,0.22259754490648764,13.372764400468304
1425,3.4927798856916477,4.649880583567111,0.1697616278260028,13.240791676155911
1426,3.2293222526384264,4.264272617913062,-0.2289948684298928,13.13776886448428
1427,2.87569698384404,3.4755230991923796,0.4567739544893643,12.195862791394282
1428,2.7178463910816832,3.8488232525954835,0.22811191630579464,10.63112957339144
1429,2.503193149987268,3.3659001367199752,0.23123667572731232,10.865436224189045
1430,3.089055979967743,3.7108564954014676,-0.0825329516803488,13.848799943157294
1431,2.830251789604729,3.6890161184447874,0.30316181121544405,12.059783187984067
1432,4.371824731912963,5.581641213706502,-0.20499380173180914,16.389120951628723
1433,3.1353849913702834,3.6685389826815546,-0.5300603931134023,13.84510322601529
1434,3.8023256691565517,5.301063679191977,0.16920091027695627,15.095987438366723
1435,2.6797054154995315,3.561896253379696,0.40499438973851243,11.255150934624348
1436,3.109721613898082,3.9556685634164226,0.10133670837427011,12.623434651831555
1437,3.627682384064736,4.242992941847443,-0.46301971211808146,15.118664930959632
1438,2.84199464179611,3.4139494715845347,0.13008529508785094,13.17276969493589
1439,4.169274286987521,5.881106952911574,-0.039817339911372374,15.2610468517617
1440,3.1619197790227167,4.270630964272496,0.3264284881968146,12.445669503869162
1441,3.61166639433551,4.78178375988584,0.26965995107172824,14.070121206597705
1442,3.5988260688113622,4.932227120119762,-0.06663588868948578,13.819628914494652
1443,3.2390593009931252,4.489973325754588,-0.028818589911786985,12.650110144683952
1444,3.496378540305009,4.40821458832359,0.12677149192009673,14.54803504269975
1445,3.822314981042923,4.804616407870117,0.03134430709820302,14.64498599027334
1446,2.664237239340178,3.5067154686847624,-0.3574669313722134,11.70267458442475
1447,2.5343812353224093,3.0504401822211085,0.10509199559589222,10.737168788604743
1448,3.3442699190787426,4.046707881296238,0.26228609773250755,13.481382521375854
1449,3.407413770053474,4.172784211957202,-0.4070898329234911,15.473071145690637
1450,3.086957979656509,4.163861611981664,0.08247429438577503,12.402513778411778
1451,2.38580848753643,3.0179315504360344,0.15823913218391916,10.221771672324255
1452,3.2352770138358347,4.725988918212227,0.031536880313020044,12.257310908341768
1453,3.477266247913309,4.179394006399536,0.032938773687644196,14.930839521328842
1454,3.4574399315281688,4.835461231434509,-0.07651856901132303,12.84895107035379
1455,3.8052940645955338,5.286114195741291,0.182080069791539,13.96989741117179
1456,3.0023283005121235,3.411301964703734,0.36617272214866936,12.225309083254716
1457,3.6006283988342793,4.703967214046091,0.1261856479093858,14.962025807941318
1458,3.073548782644369,3.85413432232272,0.06777251960211994,13.356723983801826
1459,2.7006841100076393,3.8727932769110693,0.0602039082261997,11.171405531354683
1460,3.330224270011034,5.004981749945525,0.07044113640264948,11.913257683162698
1461,3.141322684124152,4.5017482655331795,0.23759462093715755,13.305514506389468
1462,3.7744150432900425,5.056408782158709,0.1222711413663996,14.304710878976962
1463,3.4753518624621558,4.855752945991932,0.1782272915635318,13.001416049881762
1464,2.8219035452564865,3.6411326496804315,-0.04965900282785962,11.676602035824875
1465,3.106007250374897,3.83291545815485,-0.07189311355863026,12.470811315299835
1466,3.0536515964971835,3.8558347280560694,0.36498114035484186,12.25055174128688
1467,3.7527388591800355,4.847305432075034,-0.0016891748159277853,15.044436459901394
1468,3.4160535325241197,4.384481317169613,-0.11135076726467563,13.982505951671943
1469,3.445573578926519,4.623772152838606,0.022410708710145055,13.114906338908803
1470,2.7767333347480396,3.5954827438951984,0.05062031873036954,11.252850560291025
1471,3.624824915824916,4.647981722238755,0.16600712611965374,14.328236901100965
1472,2.8394696969696973,3.602247016597871,0.2635276804159453,11.403429766591195
1473,3.7997490273887338,4.519077161429962,-0.17939249137969315,14.60435602255157
1474,3.323157004215825,4.52775027536365,0.23592326299973299,13.190856482286584
1475,2.810651150864383,3.3854097860177257,0.4019088421510536,11.906264427527463
1476,2.8980219668675566,3.637009545014537,-0.038816659353874794,12.086674746828718
1477,2.5460443899782135,3.7138695008010387,0.3080842028579648,10.255950713000042
1478,3.7925643585717124,4.607459470923041,0.1086605662761373,15.224097586511315
1479,3.0882532007752594,3.889194499241047,0.1548424798693313,13.161025825491594
1480,2.855146110969638,3.6893387327261804,0.10786581339108547,11.986886711014009
1481,3.410726384998444,4.0017869755767315,-0.1860923655540283,13.331688369423023
1482,3.076089359986419,4.123529629323505,0.016066372622584923,12.443764976731865
1483,3.357791769232942,4.373038275018789,0.3156660444364512,13.708587943399483
1484,3.067769869563986,3.7617046322756336,0.17200407309174637,13.439515259092857
1485,3.0704516134736726,3.5439054077566396,0.39729706657683894,13.095406476340566
1486,2.7938284950343757,3.3502353507280205,-0.004570525123061664,13.03255448417099
1487,3.957622602071131,5.3148931758284155,0.10091433293335961,14.090215319576627
1488,3.349479752001809,4.2929996861736335,-0.1588198166517747,13.655530082481611
1489,2.8716233907704476,3.7460616421744284,-0.055303302626723116,12.643542595023117
1490,3.5523338886059457,4.515643235578461,-0.1496310529001894,14.499866647824323
1491,3.368804568797219,4.278500059120353,0.05563947939074654,14.187491070315605
1492,2.5115032149223344,3.089332331966198,0.1157462337520676,11.971143627768466
1493,3.3617161495911514,4.297800740373006,0.06806121544312693,14.816537500570448
1494,3.409166988512576,4.293905821305932,0.3249327892251229,13.480007059937565
1495,3.5949267146252426,5.196245920625633,0.11349020853284608,13.198599684547474
1496,2.7163862504597787,3.8136115273451785,0.24093911187800676,10.684197256421768
1497,3.3533405695611562,4.076959045009337,0.03386142984643692,14.900999764769612
1498,3.047781795546501,4.104592075639757,0.15838064127912277,11.73964779481517
1499,3.1547505835667593,4.141073131858072,0.07123076246220383,13.671030189835609
1500,2.7737603202897305,3.270061880082643,-0.32179857064825623,12.531153387756767
1501,3.173817071272954,4.222191495854911,0.2783338847182386,12.783772648944355
1502,3.13963618679795,3.8644352546883938,-0.010213703104710925,13.029224094715165
1503,2.2315702366805312,2.728661518494381,0.38787381431022405,9.434008979753884
1504,2.168393688283392,2.7587330905143737,-0.35518532871103337,10.020394612622592
1505,2.685632961265313,3.529480181115802,0.49094848586673423,10.906983288034802
1506,3.9524069511643045,4.92658885914628,0.0846704361124111,15.025747871617218
1507,3.073051933904877,4.027414741683783,0.17905427566677667,11.682649875358788
1508,2.3940810132133645,2.9313473477358425,0.42046244762671414,10.509537337838323
1509,2.7989376998274023,3.531410477092066,0.382149140225464,11.123310387263896
1510,3.159848725348726,4.0275027182340875,0.14987443731864236,12.34897372596141
1511,3.1417063987211025,3.943453692641229,0.06604550903664574,13.564424399431852
1512,2.7385653559403567,3.561528979748729,0.24263886644956012,12.05541802819217
1513,3.0847567446170396,4.0719349452894,-0.08627011922138572,11.96810215088275
1514,3.528167041564101,4.834793686582327,0.05637079653095134,13.115460355856111
1515,3.959712885154058,5.324426744017152,-0.0207769910039024,14.692406736925841
1516,4.285488901621255,5.749246964629838,-0.35805515365770013,15.058889143125139
1517,3.2808824802648324,4.000930201650522,0.03137544466488362,12.817895957702447
1518,3.8401466061171976,4.840787184292282,0.03821043949826708,14.892693102415796
1519,3.170387488328665,4.206264498952889,0.053815869881800094,12.813760822670906
1520,2.6513976388535196,3.0868079577534044,-0.011553969461429281,11.13540130640228
1521,2.8252150142885415,4.020366058341052,0.05042309351129526,11.22703364053643
1522,3.8341077653283513,5.0727207814197905,0.07273174806911076,14.712045949820386
1523,2.9818772175536874,4.362940642967102,0.247237608836664,11.895297205858538
1524,3.078650507172564,4.190884948198268,0.34454334819588606,12.675060078316895
1525,3.5807721366324308,4.285970154516145,0.1064511495389846,15.589640258135093
1526,3.3289219824293337,4.546751247493548,0.15935251779895698,13.528282305657502
1527,2.5725143345216863,3.015975005767258,0.1702755738864351,11.03316177391465
1528,3.208270994256288,3.980718004650294,0.31433935085999576,13.352707535379748
1529,4.092260918003566,4.989506137892713,0.06343340750846704,15.980718421524506
1530,3.7351057564439922,4.764440224764632,0.08366541196386901,14.851428553314832
1531,2.922379590725176,3.715570011909696,0.04413558016929653,12.798538468572879
1532,3.2241095549330825,4.177916989282961,-0.06171896169198199,13.657033443259712
1533,2.970657899018194,3.971421538173433,-0.00400057946867971,11.472149425175882
1534,3.2868502037178486,4.537103038508224,-0.02061294404009617,12.280453817646828
1535,2.9606600529100535,3.791449736983016,0.1432899251983667,11.903568866388605
1536,2.6609525365701825,3.8605223388598646,0.23401211832942992,9.904009794364354
1537,2.8427324965339658,4.0192193364661035,0.19539112282889326,11.316414962207592
1538,2.349617127153891,2.849293111071227,0.34205322874968924,10.007207709355388
1539,2.771142468098348,3.7590751110051417,0.24458812348103331,12.192495825149285
1540,3.792920129162774,5.291707248823732,0.03386051508774213,13.68928805794274
1541,2.994243775287891,3.8830202726829186,0.0791911626390771,13.745378846586862
1542,3.708152349828819,5.221727053270936,0.10294000534468029,13.950640733867651
1543,3.1887138436182556,4.413009131737923,0.005447299262084426,12.4676778216469
1544,2.5380062813003956,3.3943548158264445,0.37869006037331965,10.20441503799826
1545,2.8807884128398835,3.9023511539233495,0.3458935728095309,11.437540044993334
1546,3.6463607998755068,4.694486280630517,0.2603599795750625,13.636702493726235
1547,3.176637721755369,4.41538396473825,0.24728861484872866,12.981734649627697
1548,3.11786551792434,4.208165379270882,0.27200547036472544,12.790288510341135
1549,3.24002709164474,4.2246583196659575,0.277616853992551,12.468775813049836
1550,2.91749643493761,4.043494507386297,0.2660884521049891,10.914324660692547
1551,2.205968151401972,2.8921741350325347,0.46184550652170653,10.227877338914048
1552,2.7800180658121825,3.6082793843479033,0.29448506006986097,11.218008716692744
1553,3.3971060535325237,4.59385821054402,0.1576075812527068,12.467385678205545
1554,4.003561780267664,5.14598408079571,0.05970598670806848,14.79121525188915
1555,4.258378225532634,5.608346710421919,0.06319256267510331,16.296207418210322
1556,3.2972139214271543,4.290658463472406,0.3743813076404886,12.843985375269188
1557,2.9631508325552445,4.026532809843808,0.21281073384545912,10.853958484506714
1558,3.041491013071895,4.109183334331455,0.31084916846242194,11.689408207445496
1559,2.662536060889001,3.5479592592504314,-0.1414924090467371,11.909894600754086
1560,3.1243883442265794,4.439144736811499,0.10753602626908598,11.641565744796605
1561,2.974753890445067,3.9911924966647203,0.05391297356554259,12.12380266000793
1562,3.047763704976939,3.896042052129527,0.06145217774991041,13.049296650403107
1563,2.7576483179130236,3.3189825824015067,0.3346872485934709,12.030474491486366
1564,2.622273484141129,3.851324100330713,0.2186558164223683,10.746385241779075
1565,3.1282118453441994,3.8019680400364204,0.004234855494792744,13.370345077630914
1566,3.5875467242452546,4.8613770625952295,-0.07102606664985234,13.377626471778703
1567,3.038190447896328,3.9491236706674906,0.12432058005840407,12.213479264177941
1568,2.7789855770591063,3.5555066901159997,0.2791179082518087,12.381629607578809
1569,3.0951288762979954,3.5965462614866843,0.33592274136288114,13.028123196305803
1570,2.715247708174177,3.568887253010351,0.03815512178253633,11.114076407366921
1571,3.984864456893868,5.199217996850142,0.06555308895491818,15.630100998918007
1572,2.3221454248365987,2.8136844678596833,0.3655127392481904,10.480537212814056
1573,2.4719609646889036,3.0946119129787024,-0.28832492297147194,11.569050993552445
1574,2.9387455153778657,4.134614849304263,0.22759952375950987,12.228337304407164
1575,3.244581296154824,4.2460855944948905,0.16041714613284563,12.490966016652944
1576,1.9399028166822256,2.671189727031848,0.38523110465697585,8.51512419456095
1577,2.6749759605862518,3.2300108014254025,0.42637274375327305,11.269585661538645
1578,2.924857128710071,3.9732848521553685,0.19391504642576807,11.8886484837273
1579,2.606924511218628,3.573850876534972,0.31618626985029097,10.718733844829801
1580,2.7574472703222708,3.913630918665361,0.055787006480977896,11.132077894340556
1581,3.356734512491863,3.975578767870211,0.37103370581745565,12.76789911055339
1582,2.465870522451404,3.27497454938557,0.3550777740553216,10.618295892744484
1583,3.548496236878589,4.8921563787916655,0.03235967039933918,13.735101835588068
1584,3.2695416383725195,4.316564701891333,-0.39467992970797927,13.9487605147537
1585,3.6913742572786683,4.794689445511774,0.08288165814229498,15.449132290989606
1586,2.616723541436777,3.7386624894978087,0.22821444520458,10.49672083223507
1587,3.2175465827745224,4.461676662776428,-0.1910347182597878,12.665007668134349
1588,3.1974646358543413,4.249539615733231,0.05969431515638146,12.396001896984604
1589,2.795825708061,3.6696711951284637,0.4102640980986084,11.387120888146145
1590,4.173605805958747,5.884370081681593,0.03193775238301777,14.531938812600927
1591,2.907555817276404,4.014673209766131,0.11930673405732362,11.45333507427562
1592,2.713075135104545,3.652718430100425,0.15514029192527468,11.54630366158743
1593,3.567918311263899,4.632285756469574,0.08749520096354213,13.926880734193075
1594,2.4960625831140506,3.3850419039980224,-0.16602429997771773,10.290602965370924
1595,3.3276313272783846,4.303966553675589,0.25511715326273865,13.241221490370126
1596,2.6398785933565345,3.488389316836805,0.1833264331001887,10.764647043429488
1597,2.8171948193418763,3.638809401674541,0.23893598129760463,11.166347446703355
1598,2.9446673527997036,3.779895940707103,0.18007937843052102,13.159374153053276
1599,2.8917016771354995,3.5064927968611577,0.08846351279345244,12.76653635264362
1600,2.970883933876582,4.041205968098193,0.10360212705280458,11.913718019823644
1601,3.2893128731290493,4.29353122493117,0.16180859036129036,13.625896296892726
1602,2.8083495140480426,3.2363546824843814,0.12514925395596832,12.21084747588519
1603,2.997559095860564,4.067549650641427,0.28487665188032285,12.062166047270496
1604,2.721216902922784,3.624214042446231,0.06525633441043444,11.072262387560205
1605,2.5908083708230767,3.465130845652518,0.19993980432408964,10.683078414446417
1606,2.366111302096595,3.3058051661953023,0.024691573137408662,9.644933743022294
1607,3.8573894335511976,4.901995125933813,0.13474436256638567,14.857579427334924
1608,3.982891297428058,5.042711370184533,-0.17941952676996298,15.699550869976205
1609,4.218077999886821,5.350633607155521,0.044726578793085614,16.106383430415047
1610,4.049582866479926,5.230382508669523,0.17440078913542678,15.784569978397563
1611,3.15480001343972,4.190777605839875,0.10102793196510806,12.783075879874858
1612,2.5181845238095244,3.041279738775942,0.312525807779248,10.69784735991693
1613,2.9976295164530433,4.406648126030399,0.3347013678052163,11.681945422911589
1614,2.0872270463741045,2.7702405985094103,-0.026783948786576417,9.55529953921323
1615,3.4006547831253715,4.077846506895447,0.21194892195826276,15.098710643875332
1616,3.0245402272019914,3.805365573261295,0.07723868248919163,12.71698222306837
1617,3.02553443043884,4.073397210476059,0.05255594228366811,13.017273951029903
1618,3.312719937469936,5.02782416792942,-0.0196281346245335,12.174369900014877
1619,3.4439933720963123,4.864731886467272,0.06760326934131744,13.061579957703426
1620,3.19995880018674,3.633161362861151,0.13281200950177974,14.319953466383573
1621,2.285494153722093,2.8689943806343203,0.11280327812916824,10.032311751397165
1622,3.701337340491751,4.519397220120835,-0.07754854078225315,15.276860298671616
1623,2.999748274057097,3.779802650667031,-0.1339283033406029,12.318995103646701
1624,2.6596665110488633,3.2268449244348174,0.010450299218887071,11.831745146674995
1625,2.648974842967489,3.535109760628758,0.2680110874156476,11.647276891034691
1626,2.9781108776844047,3.94283733176346,0.2919173776277295,12.830066274190829
1627,3.1641619804487418,3.8946826251920172,0.3809191152335719,12.490681834862958
1628,3.1104617958294423,4.665585004242469,0.060504702539766364,11.973321031396695
1629,3.5221288621509235,4.649276667315388,-0.06439913953847487,13.945777905176982
1630,3.2232975942902407,4.546150286263708,0.1599588733292886,11.436484892688622
1631,3.477064514189514,4.613022482894998,0.0657886696637131,14.142178995532587
1632,3.131343855218855,4.41146725756397,0.13379924035768587,12.438833919798382
1633,3.079149778598304,4.243828347584671,-0.1178936519861633,13.873374046489003
1634,2.997726070226069,3.479666719511156,0.1161315336210027,13.079174402033825
1635,3.2116493435758118,4.208222416298663,0.1667645770595233,12.704963048530734
1636,3.038805930452988,4.097618680654473,0.10800581098492334,12.41931699152532
1637,3.874169573890162,4.635145758258619,-0.09179576611350981,14.631540473040229
1638,3.2805599906629324,4.260998421089231,0.21871425247651832,13.318681031784688
1639,3.8165881822425916,5.127614274268649,0.0942561332535613,13.417361159360809
1640,3.039324526780409,4.081011340146568,0.39947662153724117,11.590973045263572
1641,3.3218365730130412,4.047438771936001,0.3125702313005718,12.970280551381464
1642,2.818447984749454,3.7034108409182287,0.2314299701262762,12.055681460552814
1643,3.183424224740401,3.856817980325408,-0.2323910229316799,13.268280889077044
1644,2.8874420323685035,4.232776606777257,0.1277592815274713,11.653706089825565
1645,3.254559675890558,4.296717902078402,-0.030607646703082247,14.059206015026593
1646,3.419974577709869,4.110902675389977,-0.37295987436551536,14.961580872573052
1647,3.2261501853266537,4.22821567437814,0.15663147095899288,13.07689634548981
1648,3.2826986284412754,4.266180302622501,0.1750493923735983,13.23764076375615
1649,3.3491221316809545,4.034709474674442,-0.12442554433867326,14.071045106288457
1650,3.7410116288939816,5.0590322139646435,0.14768412914834783,14.536068813040915
1651,3.0842548489092607,3.941351723496938,0.04098280694210943,14.260037961355392
1652,3.3812219534278345,4.1017485467303585,0.3313069156424643,14.478924946635422
1653,2.947682500778087,4.325857875223359,-0.00671451918589594,11.08645105157796
1654,3.446444727385902,4.507561939195241,0.2078868029526546,14.366680668876905
1655,2.7748444953739044,3.6610424334092815,0.05644383141695419,11.655500142084946
1656,2.8690692994369433,3.994545796926217,0.3557024723516543,11.174714542331118
1657,3.745771797102678,5.0875727479716195,0.22379354792506878,14.874053637920065
1658,3.0915112929009974,3.8735326364314195,0.03424727846117803,12.45596875399121
1659,2.7865557500778078,3.5570865387323476,0.31756116602903517,11.742531564122704
1660,2.726661311999546,3.652382500234782,0.15441563827424487,11.1214207542787
1661,4.353009828678948,5.5688873434498865,0.042071951420012965,16.396487228803153
1662,2.7251423513849984,3.230966967809176,0.33154298097725743,11.190505585023004
1663,3.672986563817444,4.746217584339833,0.219963813511607,14.318107676207076
1664,2.7204966436069355,3.8948323972081957,0.20908372591069935,11.242555054075304
1665,3.4823187512378655,4.439040609707862,0.17553750573532512,14.907062137899077
1666,3.7234755786152838,4.743242159179991,0.09467807766640324,14.633168827718354
1667,2.9649599920776377,3.376492566974124,0.23977782790809743,13.107899283743338
1668,2.5646276525761813,2.9794651525467106,-0.3231121402910859,12.09814620991249
1669,2.5296052365390587,3.055545078296535,0.01990308584448608,10.663738563686842
1670,3.0261829358005827,4.146309071343932,-0.08268751502865479,13.479637670469756
1671,2.968794895736071,4.3062835855086945,0.0669849174548317,11.628591291228785
1672,3.450383735817559,4.140182222945205,-0.012784146082564174,14.316808775472314
1673,3.4765639200124494,4.3662446463531674,0.34700018630330676,14.563341385540271
1674,3.3414008856067654,4.224446968673764,0.3439989591403486,13.208498233338538
1675,3.4508594877344874,4.3342899717485635,-0.11459127542780645,13.847707383066362
1676,2.519477534448121,3.0450251175333314,-0.27103494950416995,11.556642465037745
1677,2.3849099008290167,3.0667616930429236,-0.2918502302631081,10.154980422147036
1678,2.466944083694083,3.0595571755633255,0.16996326088935843,11.459538103823466
1679,3.2426447104094165,4.001016762324739,0.34630667939317916,13.128109635647329
1680,3.612116221741221,4.666927816126865,0.10210303418119548,14.086873195712576
1681,3.1064280621339453,4.214286235803451,-0.15783899163875925,13.020704349495308
1682,2.88044204297881,3.7213530438199642,0.1920037571735317,11.91591641119676
1683,3.0795438559262074,3.866444734567336,0.008462878673717533,14.019297735473366
1684,2.8964421773759996,4.064968837925376,0.24175487332407664,11.118475577081808
1685,2.984758403361345,3.7822556531599165,0.30211389066955063,12.510445398867546
1686,3.4355048878137104,4.408106228522703,0.3176579889622301,13.453608908697658
1687,2.9820386568768917,4.070672670410205,0.17999337996549747,11.537487660706127
1688,3.413473000311233,4.372648569646011,-0.08368229916420722,15.0510548399621
1689,3.041149714936477,3.840453209359632,0.21432480224909056,13.261329122980072
1690,3.978706395184334,4.778435302671147,-0.4150786038029739,17.663361690136277
1691,2.5365405136802197,3.1146133072582636,0.2702925977267505,10.99985610178347
1692,3.2288536520668862,4.449015068921278,0.09329696637688911,12.921347926350618
1693,3.397729469060353,4.321801335524094,0.22601965795601886,13.667947778574312
1694,3.0331017209914264,4.091847253932513,0.13349351633436024,11.726219518378501
1695,3.239263071895425,4.2450989270371595,0.008560830726068724,12.35303760947513
1696,3.9842508806552916,5.4264696923412,-0.0036335395263031867,14.917321565424151
1697,3.6319121678974633,4.72250213263088,0.15816677518481914,15.510401245376308
1698,3.16081013213366,4.478487487983656,0.07093609520314803,11.889717329321732
1699,3.2023798913504784,4.515031735484819,0.07455029148072068,13.250115500470969
1700,2.769890094926859,3.970135365406749,0.352792139682474,11.83789515233785
1701,3.573495239509943,4.753839862103552,0.08415647991899844,13.704806803782462
1702,2.9190348053362762,3.633930142682219,0.24652032508045718,11.556709950160634
1703,2.725316332088388,3.6184218861718347,0.4004325245620979,12.129987246592872
1704,1.975938074724839,2.5699450606126026,0.3166617772809823,8.42281518390193
1705,2.8823856598194832,3.62379208883914,-0.05273513753272563,11.804107741991983
1706,3.5821363353422147,4.572602886533685,0.23151297486410272,15.358289200977326
1707,3.177423588122116,3.919103615836897,0.2749628256226996,13.219411203124947
1708,2.676183384970149,3.640992339907421,-0.21154952592851495,11.189239687338631
1709,2.209982945703532,2.7859400665308485,0.16614775699135653,9.664113235098327
1710,2.8130664841694237,3.6328883170163286,-0.02690626759401482,12.580405371386918
1711,3.7695926173499688,5.069088047072647,-0.15941356733391276,13.977834529611563
1712,3.512590880796761,4.712637783334474,0.14583784683401935,14.797161689992583
1713,3.459495186458424,4.126493426639578,0.12017575255373936,13.840507580740441
1714,3.5438825969781855,4.635804444457422,0.2793214965356703,12.97923718974992
1715,3.3538363042186576,4.575792313022317,0.07814656316831459,13.652865586262466
1716,4.291004810004811,5.388126117839154,0.05176503999740256,16.337191830444166
1717,2.5378043778117307,3.155830890446375,0.022008621125172545,11.6179577263636
1718,3.2028378462496105,4.022133350921884,0.15956967748321926,13.349812935344557
1719,4.010221833177714,5.2004699240820855,0.01154352427954175,16.24567288426631
1720,3.8442380032821197,5.285011712840035,0.05765120189079087,14.33500121238011
1721,3.0144128045157466,4.074662907274854,0.24795553677530913,12.30518330792703
1722,4.3358727824463115,5.766707684388654,-0.24309408730374615,14.958334645588517
1723,2.901267867753162,4.013809527213289,-0.060769548350223745,12.096450311877117
1724,3.7241604525648633,4.540841077628191,-0.2781295925931977,15.270339768610604
1725,2.4704874338624343,3.356228560577254,0.17018249462371626,10.27143803866252
1726,2.4658274835186575,3.7240504038786684,0.2138071091267667,10.06028198372906
1727,2.900819196870667,3.6803433180967677,-0.13225363667313728,11.857164722525049
1728,3.543853666213959,4.519833421939447,0.08170464473439887,15.58676149788647
1729,3.2519558363749517,4.288149144020083,-0.013724349375380918,13.637532009636324
1730,3.4537098117024576,4.858795631787543,0.0818622456550856,12.669751380191771
1731,3.2685671066406354,4.570853170498985,-0.15118969039262575,12.984936156170587
1732,3.1018886448518788,3.8849048645709723,0.16011584303553206,12.347200651147594
1733,3.685467500636618,4.711171759946372,-0.12174096491863451,14.428524511902907
1734,2.5616569157966205,3.681456730414331,0.24242488523053052,10.460744893991041
1735,3.4192519982740595,4.590033943067694,0.06268920074346984,13.971196262230649
1736,2.300505733101318,2.7173360108502416,0.258594134003456,10.51057153974566
1737,4.176574176640353,5.246588316091057,-0.109513683266246,15.655788792641397
1738,2.9775659041394333,4.338436326005955,0.15678707190520447,11.09489068527751
1739,3.7996065309962366,5.007206036983031,0.010806763989760992,15.035994102241201
1740,3.807310662648898,4.608147728981691,0.1420491587833882,16.586209364061233
1741,3.4433765314206477,4.616078989195585,0.1550693880192835,12.917939510038694
1742,3.4133321626630435,4.2849023925289345,0.28862417476852764,14.52653133742022
1743,3.7791679363664676,5.224349525194807,-0.09504963465734573,13.877160340152091
1744,2.1927354214413026,2.7370082979845325,-1.348113848498111,10.005093505034651
1745,3.439795878957643,4.437445059706525,0.18193344228038044,13.690869313341365
1746,2.886888694366634,3.706533933135419,0.4341747459779153,11.472463781605525
1747,4.120083810797046,5.226947421339842,0.04409648537101618,16.173066330422
1748,4.280090696884813,5.541460273689043,0.10810793820772935,15.90579110755633
1749,3.1717491688594595,4.2666315903032395,-0.07912372530864209,13.197692137886067
1750,3.496034246526893,4.407320950257983,-0.0782567356601136,14.729961255924293
1751,3.8829651168548205,4.8604668851126185,-0.292268202456607,15.53337651458962
1752,3.5529565048241505,4.7768093892313415,0.1653745861330118,14.456965692794968
1753,2.3904562713974498,3.280129192650286,0.16074965359845006,9.705548990756121
1754,3.0483380796763155,3.801497203479114,0.012893144516851196,12.760187823149716
1755,2.971300678352147,4.141755128911942,0.15688007256225134,11.554656163522163
1756,3.397859190645954,4.645639363011327,0.31768763447610293,12.997244648475808
1757,2.147743697478993,2.7081552467949397,0.43266694352925184,9.251740583283379
1758,3.5912355523017285,4.400477302849657,0.14759469289872396,13.774772173659308
1759,2.5443849347819936,3.1820974465609404,0.13728182132388234,11.724385508539616
1760,3.073857889115241,4.228500275382454,0.011594871211774715,12.810359094115856
1761,3.583969445859148,4.543148047108216,0.12919472738312598,14.372389233713545
1762,3.7759389306227535,4.777896389511188,-0.04174592447075143,14.65068380476595
1763,2.3755480752907223,2.9586094730014327,-0.005354767598240384,10.333387663804203
1764,3.0917714858670724,4.21857896067831,0.03437464607912677,13.422382369986236
1765,2.7402168887757115,3.628621626867964,0.37217742463760783,11.888671876313968
1766,3.944868163426984,5.111931315721982,0.15741355869078733,15.056411226475072
1767,3.342988990040462,4.568780434964901,0.08431768403410422,12.97084284942764
1768,3.9659828678946316,4.6978555449104356,0.060788440240846175,17.153505306830823
1769,3.59435456455309,4.68549353653344,0.09658798835552762,14.300515084224518
1770,3.0872319483348893,3.5819091963363165,0.41909897558501985,12.997352703474965
1771,2.785256344962228,3.6229431058419213,0.060416833185854446,11.678417322366947
1772,3.700126435927905,4.504984214994071,0.05870307773183758,14.996801479223224
1773,3.006083633958632,4.350194311959362,0.2077225743196821,11.176617311332045
1774,3.35132689641513,4.097250128522509,0.36408224400421263,14.427635534816401
1775,3.2972709694989084,4.506567335409296,0.28796019605252265,12.082502686986128
1776,2.9622838327250065,4.077387973788156,0.02562324334598065,11.90282408844573
1777,3.580802662479133,4.737144951566702,-0.014559305789428434,14.52192134872899
1778,3.101242141300964,3.797179284192491,0.3348019508782578,12.546513951783867
1779,3.3495666503975308,3.82038475552088,0.022693890736209532,14.999370477653558
1780,3.347396086212259,4.617191606672217,0.2932161915616217,13.369097397635949
1781,4.377355625583566,5.827572429579531,-0.006007946080021753,16.543199127469695
1782,2.705644140989727,3.190152153830274,0.21174580878635496,10.821791947596163
1783,3.011179908326964,4.1063441268647125,0.41352878496852363,11.873346112724814
1784,3.4127503642871275,4.3579864240598845,0.02768800721135778,13.089768946250151
1785,2.606326797385624,3.1074452854426435,0.28609708815970913,11.282652661821341
1786,2.507225674108026,2.966847000709498,0.24183582585384855,10.816748233368623
1787,3.3812883597883605,4.14244678337339,0.0025741981013116533,14.655140932848198
1788,3.7025000778089,4.779577032758224,0.13122754733846043,14.890705631442666
1789,2.688377500495146,3.8547521387157877,-0.021718762959768823,11.335591649872157
1790,2.8270446481622953,4.021948958979253,0.06930415670409862,11.544314081966645
1791,2.895952897320543,3.698533191012081,-0.2760728547741138,12.568811664671852
1792,2.886988279150043,4.542473195670576,0.137137298517081,10.900801619397866
1793,3.9086516212545606,5.171094558742146,0.11784215378033602,15.051392088392
1794,2.882989340180518,3.9835963628917073,-0.10449817687430363,11.23181555051969
1795,2.41257110318875,3.045518755242275,0.12408191579580752,10.500352693930244
1796,2.782886540474774,3.9362973914788078,0.1535575185382415,10.667780689541257
1797,4.45927366451631,5.59666109622254,0.05212189967480785,17.029601611349786
1798,3.444968512152335,4.61191452827075,0.3096600642338635,13.090752893681382
1799,3.1510118092691606,4.1388396026403065,0.13360727142196194,12.801565077709773
1800,3.03613377825878,3.812712311441324,0.19364145411192057,12.90868026362143
1801,4.033687038451743,5.3962004027748005,0.17083677420340415,15.360809916431286
1802,3.1795773137537826,4.2348226180741415,0.1019543715324025,12.41886578166645
1803,3.766865567439096,5.048305941138358,-0.011401495550303009,14.559682296671733
1804,4.006609813117164,5.4557882082863545,-0.06056782362131519,15.136652734450642
1805,3.618096776589421,4.8758531679905905,0.15482118898209318,14.512224731132553
1806,2.964365921115919,3.7163844200376994,0.41406623325374203,12.29821156750785
1807,3.3740080001697628,4.374796471806764,0.19620331116398748,14.398571675795106
1808,2.9068076281017436,4.103044251144434,0.1661856135973483,12.56134369760891
1809,3.1876469668675553,4.727404068370207,0.19470428899212844,12.141599710433324
1810,4.030068765384941,5.212864567827039,0.09867168900213441,16.104031935418124
1811,3.7435401352460165,4.923771777075689,-0.11473366058281353,14.221093424151565
1812,4.055233242792065,4.7894801588186695,0.1315094179535039,16.371623368143318
1813,3.3830906968848153,4.334644077303719,0.12276878012515069,13.311340152735207
1814,3.630384128398834,4.457951471019127,0.05415739620554105,14.334966231975729
1815,2.7591588610191558,3.249316199208865,0.2667400143357189,11.858392774633337
1816,2.77346510270775,3.6086685277090726,0.36362881486443477,12.190942210852457
1817,3.3188136335342193,4.560639558784893,0.3187855631788973,12.100852572380715
1818,3.0921361797244162,4.0477801061738905,0.20817267981374177,11.511930702145145
1819,3.665413253685312,5.174787835551498,-0.018687116272059434,13.39062224787806
1820,2.827005743711623,3.371569833225029,0.2685326740772678,11.914013483540842
1821,2.777076666525194,3.9783731444053685,0.25454141440671896,10.833570342752576
1822,2.8480175070027998,3.6377291744433244,0.31232038571071685,11.705854506003714
1823,3.1877557578586972,4.241552444617965,-0.05270939534085861,13.003088718331762
1824,3.149909168717993,4.151551536139014,0.20430912692714687,12.850961588944996
1825,3.4218410222674915,4.403151545125787,0.0879326284978953,13.995465671768232
1826,2.7428465856039375,3.206754092899535,0.17039135912826642,11.514117700702354
1827,2.862327133378604,4.225415386626482,0.16168236071860143,10.57075531207651
1828,3.142668742749625,4.1587140975866195,-0.16150048248174875,12.097393113341806
1829,2.5495411573720372,3.491313991505653,0.47398835166121767,10.206251618220984
1830,2.979042819653113,4.061218534738269,0.2366384529423745,11.007222965567816
1831,3.4309148770619364,4.371148131754169,-0.015802888343317,14.461586194518958
1832,3.762533871629458,4.894664698604367,0.19726528669896737,15.262229005679389
1833,2.5197163724075486,3.502569254185912,0.39590228166187014,11.240989932644732
1834,3.115146991624933,4.199722457388686,0.12777442508240677,12.13853766222624
1835,3.481626085787849,4.411911553893845,0.0863819938022008,13.633293388564732
1836,3.78042455012308,4.818558691544562,0.14041328773028816,15.794381903718271
1837,3.154048291033586,3.8990414791943433,0.20034043446837235,13.302113372297494
1838,2.8439909458732986,4.003926140117537,0.18233722642589478,10.798123407396485
1839,2.567942884729648,3.068146464466072,0.44995793202120415,10.885808219258921
1840,2.4585188934159525,2.9304097388248307,0.3401409046507764,11.006392430306915
1841,2.3593881249469466,3.258095378923306,0.405467323843286,9.608709063869464
1842,3.0382275238378167,3.8922630319439375,0.18029176197650143,13.366992891583635
1843,2.6623917536711668,3.8123821158099727,0.15318776518967958,10.538589182741918
1844,3.0059904648728177,4.09273099733201,-0.21721880507290336,12.242619156893744
1845,2.296841542172423,2.8389533726374143,0.367226118763732,10.237309472509333
1846,3.199111588574823,3.9860186095562566,0.24015695535237103,13.405760049465737
1847,2.30841971536089,3.1832386536382598,0.13970640240339804,10.006946701604623
1848,3.333457152052741,4.058722846513824,0.2509811515338204,14.933628162288393
1849,4.423930697026286,5.610903996748365,-0.01225137462242798,16.950748650137573
1850,2.8339485541691403,3.7420116156039165,0.25624588877964927,12.30690767713087
1851,3.5338673711908983,4.812674762175945,0.18606866635283936,13.942156377692246
1852,2.9119986524912997,4.038933521712334,0.1917966187078296,12.412487561022745
1853,3.298757374161785,4.262454108689524,0.23347432944675406,13.001542603881402
1854,3.084620274877626,4.199671331516909,-0.050907098728743216,12.720040789246218
1855,3.2428683827066163,4.011055298011722,-0.1485444748895408,13.718756293885834
1856,3.1129713415669276,4.1396216802789745,0.434540101899749,12.569684801122108
1857,3.4591328940667165,4.431033989147568,0.09846775030957866,14.02537280643831
1858,3.2341014486602697,3.9301398349941463,0.23274428559063964,13.476565413401174
1859,3.0217669764875628,3.8355278230126943,0.24150428725940865,12.672433345571452
1860,2.692792763064822,3.57611536011105,0.2173007816836907,11.394923439630878
1861,3.1712270958888604,3.8553502066739687,-0.10313728491350616,13.031021968719575
1862,3.2336522331154667,4.17069383093684,0.10867649785836431,12.888016157036484
1863,3.5459932164785126,4.646453527084756,-0.018174653987364398,13.949651945225048
1864,2.4952817177375994,3.041922956271522,0.5290446293177133,10.396334019324394
1865,2.8002463535919375,3.7249697655316742,0.22230486711424924,11.343940698806463
1866,2.76976513383131,3.1998072651619065,0.3603537552142535,11.797598039171998
1867,3.0674948257080614,3.7972651916818694,0.20986814021765698,12.525775841900494
1868,3.987500647228588,5.373821850853256,-0.1901644709302417,14.515718673290772
1869,2.929672201708965,3.4116738604455827,0.09774804393917369,12.476151613540813
1870,3.982129031915797,5.113860371404319,-0.17207042571014464,15.256196124020526
1871,3.166718080666608,3.6320955191687005,-0.303426345861739,14.64124861605976
1872,3.00063896669779,3.8261714912679166,0.0890152310726382,12.606259252640923
1873,3.4481586275924503,4.63762262711575,0.23338923168304115,12.76785403055084
1874,2.8500093865829146,4.020153236693471,0.0267830053784176,12.199498322744553
1875,3.3082311454884987,4.252711292293544,0.05727106209339472,14.11209637636005
1876,2.9440341333503106,4.030546443891169,-0.03617149413134513,11.654247723097948
1877,2.768186366465777,3.6104072209556834,0.3346650217191338,11.359148349528992
1878,3.2212377168038913,3.960808806876379,0.2939328244597359,13.513535555775816
1879,3.022656703590525,3.8200981231039584,0.217692403140206,12.531519741286445
1880,2.611092670401493,3.5156291088525196,0.42107969514388577,10.68436196843775
1881,3.029879367908779,4.104110771389484,0.1342990237082753,11.93503089327765
1882,2.703926003734827,3.5422559743871305,0.40044643241342515,10.957368127898132
1883,3.041023424016067,3.817454266185204,0.39922476452250466,12.281934049077838
1884,2.671410866366748,3.6221815725473743,0.022748038515203017,11.567459578045224
1885,4.081442651302943,5.383529393606869,0.10382128195815188,15.403303827531722
1886,3.204660222674928,4.223720746988541,0.19821047422285665,12.74443702683027
1887,2.6664934888096634,3.7750232443261282,0.18739577899402327,11.113276292026972
1888,3.4678050108932457,5.129633600053162,0.17164590161928373,13.473923803329905
1889,3.862718108960753,4.888801005960155,0.08589466273237922,16.196283409753878
1890,4.313722918965565,5.393650733134925,-0.18732302199866657,16.21882137446156
1891,2.8177568471833165,3.4254559074771826,0.2341794890907124,12.374938556351832
1892,3.5855781059898697,4.498467122783578,0.14251476625827253,13.957732126605435
1893,2.7496825113883934,3.582381130018843,0.3536304691448834,11.27851221013857
1894,2.7410795949692974,4.02618714683316,0.2127805629234092,10.906646434002274
1895,3.009729638825226,4.313457045924012,0.08256125617606147,11.951848199162123
1896,3.8501638372520723,4.909823136478719,-0.12621063270352417,16.772354139853753
1897,3.2586413115751327,4.198674206673947,0.027396170074920123,13.125865676514206
1898,2.8216713316639774,3.6683805991079925,-0.29884868917242846,12.013569200514155
1899,3.922756779984722,4.912771602152372,-0.09844234197013724,15.87179300399507
1900,3.06837544209603,3.883134412918269,0.12866707341557782,12.781330310433967
1901,2.498440034094446,3.0865726223813295,0.4487094298674247,10.862808524044945
1902,2.5461483815748496,3.0357838564380506,0.4669963443966668,11.164406848597373
1903,3.544546618142203,4.695473859031661,-0.09587998553305366,13.72076859118959
1904,3.1922930035650645,4.425729875078116,0.11260894435664859,11.723010911465053
1905,2.9114461031887497,3.490874296906539,-0.25947707469503345,13.575922247512334
1906,2.9224207622442897,3.7979546536939393,0.329067909646648,11.865306410292513
1907,2.7929359632741972,3.709003959516104,0.23515019287743866,12.667640128549257
1908,2.868598781937016,3.7053913548594126,-0.03622076171070732,12.580739700816569
1909,2.557150298503237,3.1181445652676176,-0.05033046561757093,11.153717571281305
1910,3.5131714766714737,4.675283115180935,0.2720626102960674,13.139206025280103
1911,2.753792649888235,3.9320499076050424,0.06109817996760181,11.689543871221092
1912,3.708381196417964,4.739396519981866,0.14213253086096367,15.556270501940709
1913,3.63511281937017,4.550132328551481,-0.10613680564184902,15.068917999131221
1914,3.1977957799281334,4.192904272647734,0.2776870964968974,12.737760449046187
1915,3.454335473078118,4.31815784340389,0.03792282269152358,14.648662687914266
1916,2.2491279319808695,3.593210393401938,0.2510386372678153,8.714667124267912
1917,2.7836567318846708,3.520767985775159,0.24138106123319825,11.800406025898532
1918,3.3056079350932275,4.580942961478488,0.15557280669503237,12.873847408767178
1919,2.2626597805788977,2.865433716172616,0.26152795445916854,10.981784569061917
1920,3.1430819433834127,4.242124782111627,0.13941423062679503,12.27635152046499
1921,3.395560906685906,4.361416665725663,-0.269521411227551,14.05178370578236
1922,3.7716573755764915,5.0919234647873015,0.14069944482893493,14.775669695096152
1923,4.232129760490054,5.505348556318223,-0.04447891822619621,16.948202773138462
1924,3.273402841439604,4.315052714634136,0.18431294530989217,12.807372229469822
1925,3.2732113289760347,4.278075536103286,0.10778765157289849,13.621468890136681
1926,3.615850048100047,4.9061597822454575,0.12575760955401682,13.125957408426704
1927,3.779837531477238,5.272842878933919,-0.10371291421594475,14.657596324463624
1928,2.8593939959822308,3.9429547967946244,0.13093772900493295,11.29833731641767
1929,3.4237743152816678,4.0606643323352625,-0.067918539515051,13.531864026536681
1930,2.8806171130068177,4.018631420672482,0.184772722250225,11.80057530692416
1931,3.57477227810316,4.961484761486339,0.12670005583976973,13.257204930723956
1932,2.9849523066802472,4.356612101641885,0.08913318794323155,11.565587847869041
1933,3.387926845485669,4.074441087087503,0.14798272424961423,14.464129238722073
1934,2.5244943977591032,3.004459109638754,0.13071048234222482,11.687871485448637
1935,2.8010906226126826,3.6340682342554422,0.2291513035851812,10.604284393022535
1936,2.8380149110149095,3.2472333572415524,0.365032541819145,11.939916479074903
1937,3.2882009803921552,4.558103494798794,-0.02267027611272332,12.513259018393267
1938,3.6905637997623266,5.251009700263588,-0.07771527320581617,13.777405464778724
1939,3.423563647681295,4.647009569605614,0.06633239261521062,13.600833023035447
1940,2.5240782509973676,3.3620687957279176,0.21492107577434993,10.358411018118439
1941,2.8165923414820475,3.9681241053578793,0.3010909880838678,11.766186712383469
1942,2.9241605056163853,3.4552170758125897,0.009691809171867072,12.859961174460583
1943,2.9446163243075008,4.590859014612745,0.2844476964136663,11.28505100185567
1944,2.3119280232294948,2.8854806277100624,0.053044646640997395,9.840950211979212
1945,4.2840539958407575,5.36452127530985,0.10727303578909597,16.031438898119667
1946,3.536447387035622,4.624652732297973,0.25458727370146284,14.272111437369741
1947,3.4244137488328645,4.6210328103939,-0.12918711565600405,14.094351149202453
1948,2.8751157018362896,3.619480340090037,0.32942182741158244,11.682085229396339
1949,2.699291836431541,3.170222449986358,-0.20208575292824782,11.50788589161664
1950,2.704133544832073,3.541254517386755,0.29287356754351557,11.339509929646018
1951,2.8359461420932015,3.698388641127637,0.21306630203602483,12.126645608584544
1952,3.3093678309707726,4.288052353490029,0.23244768381433178,12.900596434137709
1953,2.7240926421073475,3.2282602960631777,0.4211299150853627,11.187541998733364
1954,2.572703572843279,3.0624927644306355,0.2919764648591632,11.36400470532353
1955,3.425686415980532,4.664851960500932,0.23955455114032254,13.326762516743539
1956,3.265633937413348,4.344587904993038,0.3189971181227541,13.024851768680307
1957,3.187461898395722,4.443081261222564,0.2231562301040264,12.344858607702758
1958,2.9887693072178374,3.6621619887949923,-0.3331854484129484,12.203193339813167
1959,2.7086771461109698,3.4839423642736227,0.32774244520874696,11.382465647099146
1960,3.103666496901791,3.850957310278337,0.023060618323592186,13.340351672466715
1961,3.5638552895905837,4.162472346033728,0.09648775295882228,15.689882205858469
1962,2.8839203625894814,3.6584087924506847,0.46211055986863325,11.646819963892423
1963,2.553951093568738,3.4918481886622996,0.39349774693632544,10.993337009512079
1964,2.671750325382676,3.5582971462760176,0.42675481769229495,11.36415639683093
1965,3.710710225504342,4.7312967194335505,0.11600263190294746,15.5794244718123
1966,3.568133622640973,4.76502228828457,0.15352535979511361,12.88770861026001
1967,3.1856485336558857,3.612450732594854,0.15892232707898035,13.835857263683934
1968,3.417451822142997,4.551967727564816,0.14478741135150364,13.428136471163604
1969,3.147056436210848,4.462734964907846,0.02746166973916464,11.794162492956994
1970,2.3322269331975214,2.7844791028483384,0.4181483771374873,10.253021439434487
1971,2.5880868453441983,3.1140510483038946,-0.26753673730751104,11.600412607749073
1972,2.6115989092606733,3.1843827499126487,0.3267758279565772,11.876130777436506
1973,3.3128495069745063,4.081734481989074,0.3484793079744879,14.855004088316267
1974,3.1077206518971217,4.171090498412433,0.16892217712751534,12.458547626434706
1975,3.8819911262484785,5.329611440840042,-0.1100334801238978,13.94223354418215
1976,2.910405370228898,3.4386608953190256,-0.007740592632236476,12.421413817973512
1977,3.575132986022691,4.696767561032705,0.2225564127966012,12.640533519666713
1978,2.704404475426532,3.651279231967433,-0.08892864229809727,12.230618456810003
1979,3.1236970121381877,4.180792666377037,0.1881326108553435,11.976948644500984
1980,2.7887152972300004,3.6106465808028134,0.15849546855931196,11.369330299813118
1981,4.2698541224570645,5.454433216556862,-0.1593842037905857,15.851992416791836
1982,2.5632728616699194,3.41665987542657,0.267868880304444,10.124777817990507
1983,2.9346627231700744,4.0385381444921435,0.21483706166397964,12.094852708553267
1984,4.261388432645786,5.497215247790314,0.14848024240091884,16.602147227065146
1985,3.213068337435984,4.470965241082936,0.2226107015596499,12.035679482632261
1986,4.014257894066719,4.946177347444618,0.018594616811442588,16.534292009679906
1987,2.3840448179271694,3.0082053018683084,0.4370060920431612,10.521040881971135
1988,2.9132011077158104,3.826924377721016,0.07100390568088977,12.696545607665492
1989,2.5673633322015665,3.0837490178799976,0.2194695218617665,10.782341552217881
1990,3.095268115326937,3.9041584065685235,0.374568717910833,11.960560629930225
1991,3.133838397985455,3.585804610564524,0.084569693961413,13.52698211935823
1992,2.779826507370624,3.6098528845624664,-0.2119945090112365,13.127262792878437
1993,2.4868379488158885,3.0383734008100216,0.3110039293241117,10.941685651464903
1994,3.625089023993434,4.7723283649618295,0.13177560893647755,14.473530020403953
1995,3.0871584684378783,3.9111041741357884,0.0998255622455001,12.902754140377287
1996,3.2267716556319495,4.2209157064413265,0.186497389603,12.130900857857995
1997,3.308529758367991,3.9824101129310336,-0.2643921652108365,13.758843162499812
1998,3.811320777806073,4.619616538523068,0.07241575239798459,16.112386020850675
1999,2.7967662655971477,3.363093930401753,0.3557930968112383,11.875688815127585
2000,3.565694285289871,4.509938624253139,0.06238722207293457,14.145469186206384
